Date,Capex_Macro_Comp,Capex_Hyperscaler,Capex_Supply
1947-04-30,-231.81818181818178,,-231.81818181818178
1947-05-31,-231.81818181818178,,-231.81818181818178
1947-06-30,-231.81818181818178,,-231.81818181818178
1947-07-31,188.63636363636365,,188.63636363636365
1947-08-31,188.63636363636365,,188.63636363636365
1947-09-30,188.63636363636365,,188.63636363636365
1947-10-31,0.0,,0.0
1947-11-30,0.0,,0.0
1947-12-31,0.0,,0.0
1948-01-31,279.54545454545456,,279.54545454545456
1948-02-29,279.54545454545456,,279.54545454545456
1948-03-31,279.54545454545456,,279.54545454545456
1948-04-30,-225.0,,-225.0
1948-05-31,-225.0,,-225.0
1948-06-30,-225.0,,-225.0
1948-07-31,-82.95454545454545,,-82.95454545454545
1948-08-31,-82.95454545454545,,-82.95454545454545
1948-09-30,-82.95454545454545,,-82.95454545454545
1948-10-31,504.5454545454545,,504.5454545454545
1948-11-30,504.5454545454545,,504.5454545454545
1948-12-31,504.5454545454545,,504.5454545454545
1949-01-31,-220.4545454545454,,-220.4545454545454
1949-02-28,-220.4545454545454,,-220.4545454545454
1949-03-31,-220.4545454545454,,-220.4545454545454
1949-04-30,-365.90909090909093,,-365.90909090909093
1949-05-31,-365.90909090909093,,-365.90909090909093
1949-06-30,-365.90909090909093,,-365.90909090909093
1949-07-31,-253.4090909090909,,-253.4090909090909
1949-08-31,-253.4090909090909,,-253.4090909090909
1949-09-30,-253.4090909090909,,-253.4090909090909
1949-10-31,-95.45454545454545,,-95.45454545454545
1949-11-30,-95.45454545454545,,-95.45454545454545
1949-12-31,-95.45454545454545,,-95.45454545454545
1950-01-31,215.90909090909088,,215.90909090909088
1950-02-28,215.90909090909088,,215.90909090909088
1950-03-31,215.90909090909088,,215.90909090909088
1950-04-30,844.3181818181816,,844.3181818181816
1950-05-31,844.3181818181816,,844.3181818181816
1950-06-30,844.3181818181816,,844.3181818181816
1950-07-31,86.36363636363636,,86.36363636363636
1950-08-31,86.36363636363636,,86.36363636363636
1950-09-30,86.36363636363636,,86.36363636363636
1950-10-31,368.18181818181813,,368.18181818181813
1950-11-30,368.18181818181813,,368.18181818181813
1950-12-31,368.18181818181813,,368.18181818181813
1951-01-31,-278.4090909090909,,-278.4090909090909
1951-02-28,-278.4090909090909,,-278.4090909090909
1951-03-31,-278.4090909090909,,-278.4090909090909
1951-04-30,269.3181818181818,,269.3181818181818
1951-05-31,269.3181818181818,,269.3181818181818
1951-06-30,269.3181818181818,,269.3181818181818
1951-07-31,347.7272727272727,,347.7272727272727
1951-08-31,347.7272727272727,,347.7272727272727
1951-09-30,347.7272727272727,,347.7272727272727
1951-10-31,0.0,,0.0
1951-11-30,0.0,,0.0
1951-12-31,0.0,,0.0
1952-01-31,322.7272727272727,,322.7272727272727
1952-02-29,322.7272727272727,,322.7272727272727
1952-03-31,322.7272727272727,,322.7272727272727
1952-04-30,564.7727272727273,,564.7727272727273
1952-05-31,564.7727272727273,,564.7727272727273
1952-06-30,564.7727272727273,,564.7727272727273
1952-07-31,-464.77272727272725,,-464.77272727272725
1952-08-31,-464.77272727272725,,-464.77272727272725
1952-09-30,-464.77272727272725,,-464.77272727272725
1952-10-31,489.77272727272725,,489.77272727272725
1952-11-30,489.77272727272725,,489.77272727272725
1952-12-31,489.77272727272725,,489.77272727272725
1953-01-31,361.3636363636363,,361.3636363636363
1953-02-28,361.3636363636363,,361.3636363636363
1953-03-31,361.3636363636363,,361.3636363636363
1953-04-30,61.36363636363637,,61.36363636363637
1953-05-31,61.36363636363637,,61.36363636363637
1953-06-30,61.36363636363637,,61.36363636363637
1953-07-31,189.77272727272725,,189.77272727272725
1953-08-31,189.77272727272725,,189.77272727272725
1953-09-30,189.77272727272725,,189.77272727272725
1953-10-31,-395.4545454545454,,-395.4545454545454
1953-11-30,-395.4545454545454,,-395.4545454545454
1953-12-31,-395.4545454545454,,-395.4545454545454
1954-01-31,-62.5,,-62.5
1954-02-28,-62.5,,-62.5
1954-03-31,-62.5,,-62.5
1954-04-30,-238.63636363636363,,-238.63636363636363
1954-05-31,-238.63636363636363,,-238.63636363636363
1954-06-30,-238.63636363636363,,-238.63636363636363
1954-07-31,70.45454545454545,,70.45454545454545
1954-08-31,70.45454545454545,,70.45454545454545
1954-09-30,70.45454545454545,,70.45454545454545
1954-10-31,69.31818181818181,,69.31818181818181
1954-11-30,69.31818181818181,,69.31818181818181
1954-12-31,69.31818181818181,,69.31818181818181
1955-01-31,-187.49999999999997,,-187.49999999999997
1955-02-28,-187.49999999999997,,-187.49999999999997
1955-03-31,-187.49999999999997,,-187.49999999999997
1955-04-30,671.5909090909091,,671.5909090909091
1955-05-31,671.5909090909091,,671.5909090909091
1955-06-30,671.5909090909091,,671.5909090909091
1955-07-31,855.6818181818181,,855.6818181818181
1955-08-31,855.6818181818181,,855.6818181818181
1955-09-30,855.6818181818181,,855.6818181818181
1955-10-31,295.45454545454544,,295.45454545454544
1955-11-30,295.45454545454544,,295.45454545454544
1955-12-31,295.45454545454544,,295.45454545454544
1956-01-31,-234.0909090909091,,-234.0909090909091
1956-02-29,-234.0909090909091,,-234.0909090909091
1956-03-31,-234.0909090909091,,-234.0909090909091
1956-04-30,645.4545454545454,,645.4545454545454
1956-05-31,645.4545454545454,,645.4545454545454
1956-06-30,645.4545454545454,,645.4545454545454
1956-07-31,-181.8181818181818,,-181.8181818181818
1956-08-31,-181.8181818181818,,-181.8181818181818
1956-09-30,-181.8181818181818,,-181.8181818181818
1956-10-31,104.54545454545452,,104.54545454545452
1956-11-30,104.54545454545452,,104.54545454545452
1956-12-31,104.54545454545452,,104.54545454545452
1957-01-31,102.27272727272727,,102.27272727272727
1957-02-28,102.27272727272727,,102.27272727272727
1957-03-31,102.27272727272727,,102.27272727272727
1957-04-30,502.27272727272725,,502.27272727272725
1957-05-31,502.27272727272725,,502.27272727272725
1957-06-30,502.27272727272725,,502.27272727272725
1957-07-31,396.59090909090907,,396.59090909090907
1957-08-31,396.59090909090907,,396.59090909090907
1957-09-30,396.59090909090907,,396.59090909090907
1957-10-31,-387.5,,-387.5
1957-11-30,-387.5,,-387.5
1957-12-31,-387.5,,-387.5
1958-01-31,-248.86363636363632,,-248.86363636363632
1958-02-28,-248.86363636363632,,-248.86363636363632
1958-03-31,-248.86363636363632,,-248.86363636363632
1958-04-30,-263.6363636363636,,-263.6363636363636
1958-05-31,-263.6363636363636,,-263.6363636363636
1958-06-30,-263.6363636363636,,-263.6363636363636
1958-07-31,106.81818181818181,,106.81818181818181
1958-08-31,106.81818181818181,,106.81818181818181
1958-09-30,106.81818181818181,,106.81818181818181
1958-10-31,159.0909090909091,,159.0909090909091
1958-11-30,159.0909090909091,,159.0909090909091
1958-12-31,159.0909090909091,,159.0909090909091
1959-01-31,101.13636363636363,,101.13636363636363
1959-02-28,101.13636363636363,,101.13636363636363
1959-03-31,101.13636363636363,,101.13636363636363
1959-04-30,48.86363636363636,,48.86363636363636
1959-05-31,48.86363636363636,,48.86363636363636
1959-06-30,48.86363636363636,,48.86363636363636
1959-07-31,148.86363636363635,,148.86363636363635
1959-08-31,148.86363636363635,,148.86363636363635
1959-09-30,148.86363636363635,,148.86363636363635
1959-10-31,532.9545454545454,,532.9545454545454
1959-11-30,532.9545454545454,,532.9545454545454
1959-12-31,532.9545454545454,,532.9545454545454
1960-01-31,271.59090909090907,,271.59090909090907
1960-02-29,271.59090909090907,,271.59090909090907
1960-03-31,271.59090909090907,,271.59090909090907
1960-04-30,351.13636363636357,,351.13636363636357
1960-05-31,351.13636363636357,,351.13636363636357
1960-06-30,351.13636363636357,,351.13636363636357
1960-07-31,-71.59090909090908,,-71.59090909090908
1960-08-31,-71.59090909090908,,-71.59090909090908
1960-09-30,-71.59090909090908,,-71.59090909090908
1960-10-31,377.2727272727273,,377.2727272727273
1960-11-30,377.2727272727273,,377.2727272727273
1960-12-31,377.2727272727273,,377.2727272727273
1961-01-31,-226.13636363636357,,-226.13636363636357
1961-02-28,-226.13636363636357,,-226.13636363636357
1961-03-31,-226.13636363636357,,-226.13636363636357
1961-04-30,512.5,,512.5
1961-05-31,512.5,,512.5
1961-06-30,512.5,,512.5
1961-07-31,69.31818181818181,,69.31818181818181
1961-08-31,69.31818181818181,,69.31818181818181
1961-09-30,69.31818181818181,,69.31818181818181
1961-10-31,138.63636363636363,,138.63636363636363
1961-11-30,138.63636363636363,,138.63636363636363
1961-12-31,138.63636363636363,,138.63636363636363
1962-01-31,357.95454545454544,,357.95454545454544
1962-02-28,357.95454545454544,,357.95454545454544
1962-03-31,357.95454545454544,,357.95454545454544
1962-04-30,-87.5,,-87.5
1962-05-31,-87.5,,-87.5
1962-06-30,-87.5,,-87.5
1962-07-31,-89.77272727272727,,-89.77272727272727
1962-08-31,-89.77272727272727,,-89.77272727272727
1962-09-30,-89.77272727272727,,-89.77272727272727
1962-10-31,200.0,,200.0
1962-11-30,200.0,,200.0
1962-12-31,200.0,,200.0
1963-01-31,369.3181818181818,,369.3181818181818
1963-02-28,369.3181818181818,,369.3181818181818
1963-03-31,369.3181818181818,,369.3181818181818
1963-04-30,376.1363636363636,,376.1363636363636
1963-05-31,376.1363636363636,,376.1363636363636
1963-06-30,376.1363636363636,,376.1363636363636
1963-07-31,254.5454545454545,,254.5454545454545
1963-08-31,254.5454545454545,,254.5454545454545
1963-09-30,254.5454545454545,,254.5454545454545
1963-10-31,102.27272727272727,,102.27272727272727
1963-11-30,102.27272727272727,,102.27272727272727
1963-12-31,102.27272727272727,,102.27272727272727
1964-01-31,235.22727272727272,,235.22727272727272
1964-02-29,235.22727272727272,,235.22727272727272
1964-03-31,235.22727272727272,,235.22727272727272
1964-04-30,71.59090909090908,,71.59090909090908
1964-05-31,71.59090909090908,,71.59090909090908
1964-06-30,71.59090909090908,,71.59090909090908
1964-07-31,0.0,,0.0
1964-08-31,0.0,,0.0
1964-09-30,0.0,,0.0
1964-10-31,382.95454545454544,,382.95454545454544
1964-11-30,382.95454545454544,,382.95454545454544
1964-12-31,382.95454545454544,,382.95454545454544
1965-01-31,87.5,,87.5
1965-02-28,87.5,,87.5
1965-03-31,87.5,,87.5
1965-04-30,346.59090909090907,,346.59090909090907
1965-05-31,346.59090909090907,,346.59090909090907
1965-06-30,346.59090909090907,,346.59090909090907
1965-07-31,276.1363636363636,,276.1363636363636
1965-08-31,276.1363636363636,,276.1363636363636
1965-09-30,276.1363636363636,,276.1363636363636
1965-10-31,370.45454545454544,,370.45454545454544
1965-11-30,370.45454545454544,,370.45454545454544
1965-12-31,370.45454545454544,,370.45454545454544
1966-01-31,428.40909090909093,,428.40909090909093
1966-02-28,428.40909090909093,,428.40909090909093
1966-03-31,428.40909090909093,,428.40909090909093
1966-04-30,412.4999999999999,,412.4999999999999
1966-05-31,412.4999999999999,,412.4999999999999
1966-06-30,412.4999999999999,,412.4999999999999
1966-07-31,288.63636363636357,,288.63636363636357
1966-08-31,288.63636363636357,,288.63636363636357
1966-09-30,288.63636363636357,,288.63636363636357
1966-10-31,239.77272727272725,,239.77272727272725
1966-11-30,239.77272727272725,,239.77272727272725
1966-12-31,239.77272727272725,,239.77272727272725
1967-01-31,-102.27272727272727,,-102.27272727272727
1967-02-28,-102.27272727272727,,-102.27272727272727
1967-03-31,-102.27272727272727,,-102.27272727272727
1967-04-30,40.90909090909091,,40.90909090909091
1967-05-31,40.90909090909091,,40.90909090909091
1967-06-30,40.90909090909091,,40.90909090909091
1967-07-31,-78.4090909090909,,-78.4090909090909
1967-08-31,-78.4090909090909,,-78.4090909090909
1967-09-30,-78.4090909090909,,-78.4090909090909
1967-10-31,299.99999999999994,,299.99999999999994
1967-11-30,299.99999999999994,,299.99999999999994
1967-12-31,299.99999999999994,,299.99999999999994
1968-01-31,93.18181818181816,,93.18181818181816
1968-02-29,93.18181818181816,,93.18181818181816
1968-03-31,93.18181818181816,,93.18181818181816
1968-04-30,-50.0,,-50.0
1968-05-31,-50.0,,-50.0
1968-06-30,-50.0,,-50.0
1968-07-31,147.72727272727272,,147.72727272727272
1968-08-31,147.72727272727272,,147.72727272727272
1968-09-30,147.72727272727272,,147.72727272727272
1968-10-31,-25.0,,-25.0
1968-11-30,-25.0,,-25.0
1968-12-31,-25.0,,-25.0
1969-01-31,407.95454545454544,,407.95454545454544
1969-02-28,407.95454545454544,,407.95454545454544
1969-03-31,407.95454545454544,,407.95454545454544
1969-04-30,447.72727272727263,,447.72727272727263
1969-05-31,447.72727272727263,,447.72727272727263
1969-06-30,447.72727272727263,,447.72727272727263
1969-07-31,368.18181818181813,,368.18181818181813
1969-08-31,368.18181818181813,,368.18181818181813
1969-09-30,368.18181818181813,,368.18181818181813
1969-10-31,234.0909090909091,,234.0909090909091
1969-11-30,234.0909090909091,,234.0909090909091
1969-12-31,234.0909090909091,,234.0909090909091
1970-01-31,159.0909090909091,,159.0909090909091
1970-02-28,159.0909090909091,,159.0909090909091
1970-03-31,159.0909090909091,,159.0909090909091
1970-04-30,74.99999999999999,,74.99999999999999
1970-05-31,74.99999999999999,,74.99999999999999
1970-06-30,74.99999999999999,,74.99999999999999
1970-07-31,-137.49999999999997,,-137.49999999999997
1970-08-31,-137.49999999999997,,-137.49999999999997
1970-09-30,-137.49999999999997,,-137.49999999999997
1970-10-31,56.81818181818181,,56.81818181818181
1970-11-30,56.81818181818181,,56.81818181818181
1970-12-31,56.81818181818181,,56.81818181818181
1971-01-31,-62.5,,-62.5
1971-02-28,-62.5,,-62.5
1971-03-31,-62.5,,-62.5
1971-04-30,398.8636363636363,,398.8636363636363
1971-05-31,398.8636363636363,,398.8636363636363
1971-06-30,398.8636363636363,,398.8636363636363
1971-07-31,126.13636363636363,,126.13636363636363
1971-08-31,126.13636363636363,,126.13636363636363
1971-09-30,126.13636363636363,,126.13636363636363
1971-10-31,215.90909090909088,,215.90909090909088
1971-11-30,215.90909090909088,,215.90909090909088
1971-12-31,215.90909090909088,,215.90909090909088
1972-01-31,262.5,,262.5
1972-02-29,262.5,,262.5
1972-03-31,262.5,,262.5
1972-04-30,7.954545454545453,,7.954545454545453
1972-05-31,7.954545454545453,,7.954545454545453
1972-06-30,7.954545454545453,,7.954545454545453
1972-07-31,119.31818181818181,,119.31818181818181
1972-08-31,119.31818181818181,,119.31818181818181
1972-09-30,119.31818181818181,,119.31818181818181
1972-10-31,156.8181818181818,,156.8181818181818
1972-11-30,156.8181818181818,,156.8181818181818
1972-12-31,156.8181818181818,,156.8181818181818
1973-01-31,292.0454545454545,,292.0454545454545
1973-02-28,292.0454545454545,,292.0454545454545
1973-03-31,292.0454545454545,,292.0454545454545
1973-04-30,234.0909090909091,,234.0909090909091
1973-05-31,234.0909090909091,,234.0909090909091
1973-06-30,234.0909090909091,,234.0909090909091
1973-07-31,164.77272727272725,,164.77272727272725
1973-08-31,164.77272727272725,,164.77272727272725
1973-09-30,164.77272727272725,,164.77272727272725
1973-10-31,334.09090909090907,,334.09090909090907
1973-11-30,334.09090909090907,,334.09090909090907
1973-12-31,334.09090909090907,,334.09090909090907
1974-01-31,97.72727272727272,,97.72727272727272
1974-02-28,97.72727272727272,,97.72727272727272
1974-03-31,97.72727272727272,,97.72727272727272
1974-04-30,5.681818181818182,,5.681818181818182
1974-05-31,5.681818181818182,,5.681818181818182
1974-06-30,5.681818181818182,,5.681818181818182
1974-07-31,338.6363636363636,,338.6363636363636
1974-08-31,338.6363636363636,,338.6363636363636
1974-09-30,338.6363636363636,,338.6363636363636
1974-10-31,135.22727272727272,,135.22727272727272
1974-11-30,135.22727272727272,,135.22727272727272
1974-12-31,135.22727272727272,,135.22727272727272
1975-01-31,-121.59090909090908,,-121.59090909090908
1975-02-28,-121.59090909090908,,-121.59090909090908
1975-03-31,-121.59090909090908,,-121.59090909090908
1975-04-30,-144.31818181818178,,-144.31818181818178
1975-05-31,-144.31818181818178,,-144.31818181818178
1975-06-30,-144.31818181818178,,-144.31818181818178
1975-07-31,-32.95454545454545,,-32.95454545454545
1975-08-31,-32.95454545454545,,-32.95454545454545
1975-09-30,-32.95454545454545,,-32.95454545454545
1975-10-31,11.363636363636363,,11.363636363636363
1975-11-30,11.363636363636363,,11.363636363636363
1975-12-31,11.363636363636363,,11.363636363636363
1976-01-31,160.22727272727272,,160.22727272727272
1976-02-29,160.22727272727272,,160.22727272727272
1976-03-31,160.22727272727272,,160.22727272727272
1976-04-30,363.6363636363636,,363.6363636363636
1976-05-31,363.6363636363636,,363.6363636363636
1976-06-30,363.6363636363636,,363.6363636363636
1976-07-31,325.0,,325.0
1976-08-31,325.0,,325.0
1976-09-30,325.0,,325.0
1976-10-31,407.95454545454544,,407.95454545454544
1976-11-30,407.95454545454544,,407.95454545454544
1976-12-31,407.95454545454544,,407.95454545454544
1977-01-31,68.18181818181817,,68.18181818181817
1977-02-28,68.18181818181817,,68.18181818181817
1977-03-31,68.18181818181817,,68.18181818181817
1977-04-30,254.5454545454545,,254.5454545454545
1977-05-31,254.5454545454545,,254.5454545454545
1977-06-30,254.5454545454545,,254.5454545454545
1977-07-31,188.63636363636365,,188.63636363636365
1977-08-31,188.63636363636365,,188.63636363636365
1977-09-30,188.63636363636365,,188.63636363636365
1977-10-31,334.09090909090907,,334.09090909090907
1977-11-30,334.09090909090907,,334.09090909090907
1977-12-31,334.09090909090907,,334.09090909090907
1978-01-31,302.27272727272725,,302.27272727272725
1978-02-28,302.27272727272725,,302.27272727272725
1978-03-31,302.27272727272725,,302.27272727272725
1978-04-30,527.2727272727273,,527.2727272727273
1978-05-31,527.2727272727273,,527.2727272727273
1978-06-30,527.2727272727273,,527.2727272727273
1978-07-31,305.68181818181813,,305.68181818181813
1978-08-31,305.68181818181813,,305.68181818181813
1978-09-30,305.68181818181813,,305.68181818181813
1978-10-31,282.95454545454544,,282.95454545454544
1978-11-30,282.95454545454544,,282.95454545454544
1978-12-31,282.95454545454544,,282.95454545454544
1979-01-31,219.31818181818178,,219.31818181818178
1979-02-28,219.31818181818178,,219.31818181818178
1979-03-31,219.31818181818178,,219.31818181818178
1979-04-30,89.77272727272727,,89.77272727272727
1979-05-31,89.77272727272727,,89.77272727272727
1979-06-30,89.77272727272727,,89.77272727272727
1979-07-31,257.95454545454544,,257.95454545454544
1979-08-31,257.95454545454544,,257.95454545454544
1979-09-30,257.95454545454544,,257.95454545454544
1979-10-31,270.45454545454544,,270.45454545454544
1979-11-30,270.45454545454544,,270.45454545454544
1979-12-31,270.45454545454544,,270.45454545454544
1980-01-31,211.36363636363637,,211.36363636363637
1980-02-29,211.36363636363637,,211.36363636363637
1980-03-31,211.36363636363637,,211.36363636363637
1980-04-30,73.86363636363636,,73.86363636363636
1980-05-31,73.86363636363636,,73.86363636363636
1980-06-30,73.86363636363636,,73.86363636363636
1980-07-31,267.04545454545456,,267.04545454545456
1980-08-31,267.04545454545456,,267.04545454545456
1980-09-30,267.04545454545456,,267.04545454545456
1980-10-31,81.81818181818181,,81.81818181818181
1980-11-30,81.81818181818181,,81.81818181818181
1980-12-31,81.81818181818181,,81.81818181818181
1981-01-31,229.5454545454545,,229.5454545454545
1981-02-28,229.5454545454545,,229.5454545454545
1981-03-31,229.5454545454545,,229.5454545454545
1981-04-30,151.13636363636363,,151.13636363636363
1981-05-31,151.13636363636363,,151.13636363636363
1981-06-30,151.13636363636363,,151.13636363636363
1981-07-31,209.09090909090904,,209.09090909090904
1981-08-31,209.09090909090904,,209.09090909090904
1981-09-30,209.09090909090904,,209.09090909090904
1981-10-31,236.36363636363632,,236.36363636363632
1981-11-30,236.36363636363632,,236.36363636363632
1981-12-31,236.36363636363632,,236.36363636363632
1982-01-31,176.13636363636363,,176.13636363636363
1982-02-28,176.13636363636363,,176.13636363636363
1982-03-31,176.13636363636363,,176.13636363636363
1982-04-30,-171.5909090909091,,-171.5909090909091
1982-05-31,-171.5909090909091,,-171.5909090909091
1982-06-30,-171.5909090909091,,-171.5909090909091
1982-07-31,25.0,,25.0
1982-08-31,25.0,,25.0
1982-09-30,25.0,,25.0
1982-10-31,-87.5,,-87.5
1982-11-30,-87.5,,-87.5
1982-12-31,-87.5,,-87.5
1983-01-31,373.8636363636363,,373.8636363636363
1983-02-28,373.8636363636363,,373.8636363636363
1983-03-31,373.8636363636363,,373.8636363636363
1983-04-30,370.45454545454544,,370.45454545454544
1983-05-31,370.45454545454544,,370.45454545454544
1983-06-30,370.45454545454544,,370.45454545454544
1983-07-31,263.6363636363636,,263.6363636363636
1983-08-31,263.6363636363636,,263.6363636363636
1983-09-30,263.6363636363636,,263.6363636363636
1983-10-31,472.72727272727263,,472.72727272727263
1983-11-30,472.72727272727263,,472.72727272727263
1983-12-31,472.72727272727263,,472.72727272727263
1984-01-31,173.86363636363635,,173.86363636363635
1984-02-29,173.86363636363635,,173.86363636363635
1984-03-31,173.86363636363635,,173.86363636363635
1984-04-30,378.4090909090908,,378.4090909090908
1984-05-31,378.4090909090908,,378.4090909090908
1984-06-30,378.4090909090908,,378.4090909090908
1984-07-31,256.8181818181818,,256.8181818181818
1984-08-31,256.8181818181818,,256.8181818181818
1984-09-30,256.8181818181818,,256.8181818181818
1984-10-31,302.27272727272725,,302.27272727272725
1984-11-30,302.27272727272725,,302.27272727272725
1984-12-31,302.27272727272725,,302.27272727272725
1985-01-31,-25.0,,-25.0
1985-02-28,-25.0,,-25.0
1985-03-31,-25.0,,-25.0
1985-04-30,147.72727272727272,,147.72727272727272
1985-05-31,147.72727272727272,,147.72727272727272
1985-06-30,147.72727272727272,,147.72727272727272
1985-07-31,-47.72727272727273,,-47.72727272727273
1985-08-31,-47.72727272727273,,-47.72727272727273
1985-09-30,-47.72727272727273,,-47.72727272727273
1985-10-31,189.77272727272725,,189.77272727272725
1985-11-30,189.77272727272725,,189.77272727272725
1985-12-31,189.77272727272725,,189.77272727272725
1986-01-31,92.04545454545453,,92.04545454545453
1986-02-28,92.04545454545453,,92.04545454545453
1986-03-31,92.04545454545453,,92.04545454545453
1986-04-30,145.45454545454547,,145.45454545454547
1986-05-31,145.45454545454547,,145.45454545454547
1986-06-30,145.45454545454547,,145.45454545454547
1986-07-31,-39.77272727272727,,-39.77272727272727
1986-08-31,-39.77272727272727,,-39.77272727272727
1986-09-30,-39.77272727272727,,-39.77272727272727
1986-10-31,190.9090909090909,,190.9090909090909
1986-11-30,190.9090909090909,,190.9090909090909
1986-12-31,190.9090909090909,,190.9090909090909
1987-01-31,-56.81818181818181,,-56.81818181818181
1987-02-28,-56.81818181818181,,-56.81818181818181
1987-03-31,-56.81818181818181,,-56.81818181818181
1987-04-30,114.77272727272725,,114.77272727272725
1987-05-31,114.77272727272725,,114.77272727272725
1987-06-30,114.77272727272725,,114.77272727272725
1987-07-31,225.0,,225.0
1987-08-31,225.0,,225.0
1987-09-30,225.0,,225.0
1987-10-31,1.1363636363636365,,1.1363636363636365
1987-11-30,1.1363636363636365,,1.1363636363636365
1987-12-31,1.1363636363636365,,1.1363636363636365
1988-01-31,115.90909090909089,,115.90909090909089
1988-02-29,115.90909090909089,,115.90909090909089
1988-03-31,115.90909090909089,,115.90909090909089
1988-04-30,217.04545454545453,,217.04545454545453
1988-05-31,217.04545454545453,,217.04545454545453
1988-06-30,217.04545454545453,,217.04545454545453
1988-07-31,104.54545454545452,,104.54545454545452
1988-08-31,104.54545454545452,,104.54545454545452
1988-09-30,104.54545454545452,,104.54545454545452
1988-10-31,80.68181818181817,,80.68181818181817
1988-11-30,80.68181818181817,,80.68181818181817
1988-12-31,80.68181818181817,,80.68181818181817
1989-01-31,171.5909090909091,,171.5909090909091
1989-02-28,171.5909090909091,,171.5909090909091
1989-03-31,171.5909090909091,,171.5909090909091
1989-04-30,255.68181818181816,,255.68181818181816
1989-05-31,255.68181818181816,,255.68181818181816
1989-06-30,255.68181818181816,,255.68181818181816
1989-07-31,160.22727272727272,,160.22727272727272
1989-08-31,160.22727272727272,,160.22727272727272
1989-09-30,160.22727272727272,,160.22727272727272
1989-10-31,70.45454545454545,,70.45454545454545
1989-11-30,70.45454545454545,,70.45454545454545
1989-12-31,70.45454545454545,,70.45454545454545
1990-01-31,61.36363636363637,,61.36363636363637
1990-02-28,61.36363636363637,,61.36363636363637
1990-03-31,61.36363636363637,,61.36363636363637
1990-04-30,-25.0,,-25.0
1990-05-31,-25.0,,-25.0
1990-06-30,-25.0,,-25.0
1990-07-31,-61.36363636363637,,-61.36363636363637
1990-08-31,-61.36363636363637,,-61.36363636363637
1990-09-30,-61.36363636363637,,-61.36363636363637
1990-10-31,103.40909090909089,,103.40909090909089
1990-11-30,103.40909090909089,,103.40909090909089
1990-12-31,103.40909090909089,,103.40909090909089
1991-01-31,-65.9090909090909,,-65.9090909090909
1991-02-28,-65.9090909090909,,-65.9090909090909
1991-03-31,-65.9090909090909,,-65.9090909090909
1991-04-30,117.04545454545455,,117.04545454545455
1991-05-31,117.04545454545455,,117.04545454545455
1991-06-30,117.04545454545455,,117.04545454545455
1991-07-31,148.86363636363635,,148.86363636363635
1991-08-31,148.86363636363635,,148.86363636363635
1991-09-30,148.86363636363635,,148.86363636363635
1991-10-31,148.86363636363635,,148.86363636363635
1991-11-30,148.86363636363635,,148.86363636363635
1991-12-31,148.86363636363635,,148.86363636363635
1992-01-31,98.86363636363635,,98.86363636363635
1992-02-29,98.86363636363635,,98.86363636363635
1992-03-31,98.86363636363635,,98.86363636363635
1992-04-30,269.3181818181818,,269.3181818181818
1992-05-31,269.3181818181818,,269.3181818181818
1992-06-30,269.3181818181818,,269.3181818181818
1992-07-31,271.59090909090907,,271.59090909090907
1992-08-31,271.59090909090907,,271.59090909090907
1992-09-30,271.59090909090907,,271.59090909090907
1992-10-31,81.81818181818181,,81.81818181818181
1992-11-30,81.81818181818181,,81.81818181818181
1992-12-31,81.81818181818181,,81.81818181818181
1993-01-31,132.95454545454544,,132.95454545454544
1993-02-28,132.95454545454544,,132.95454545454544
1993-03-31,132.95454545454544,,132.95454545454544
1993-04-30,102.27272727272727,,102.27272727272727
1993-05-31,102.27272727272727,,102.27272727272727
1993-06-30,102.27272727272727,,102.27272727272727
1993-07-31,261.3636363636363,,261.3636363636363
1993-08-31,261.3636363636363,,261.3636363636363
1993-09-30,261.3636363636363,,261.3636363636363
1993-10-31,86.36363636363636,,86.36363636363636
1993-11-30,86.36363636363636,,86.36363636363636
1993-12-31,86.36363636363636,,86.36363636363636
1994-01-31,147.72727272727272,,147.72727272727272
1994-02-28,147.72727272727272,,147.72727272727272
1994-03-31,147.72727272727272,,147.72727272727272
1994-04-30,115.90909090909089,,115.90909090909089
1994-05-31,115.90909090909089,,115.90909090909089
1994-06-30,115.90909090909089,,115.90909090909089
1994-07-31,137.49999999999997,,137.49999999999997
1994-08-31,137.49999999999997,,137.49999999999997
1994-09-30,137.49999999999997,,137.49999999999997
1994-10-31,217.04545454545453,,217.04545454545453
1994-11-30,217.04545454545453,,217.04545454545453
1994-12-31,217.04545454545453,,217.04545454545453
1995-01-31,234.0909090909091,,234.0909090909091
1995-02-28,234.0909090909091,,234.0909090909091
1995-03-31,234.0909090909091,,234.0909090909091
1995-04-30,243.18181818181816,,243.18181818181816
1995-05-31,243.18181818181816,,243.18181818181816
1995-06-30,243.18181818181816,,243.18181818181816
1995-07-31,96.59090909090908,,96.59090909090908
1995-08-31,96.59090909090908,,96.59090909090908
1995-09-30,96.59090909090908,,96.59090909090908
1995-10-31,285.2272727272727,,285.2272727272727
1995-11-30,285.2272727272727,,285.2272727272727
1995-12-31,285.2272727272727,,285.2272727272727
1996-01-31,260.2272727272727,,260.2272727272727
1996-02-29,260.2272727272727,,260.2272727272727
1996-03-31,260.2272727272727,,260.2272727272727
1996-04-30,212.49999999999994,,212.49999999999994
1996-05-31,212.49999999999994,,212.49999999999994
1996-06-30,212.49999999999994,,212.49999999999994
1996-07-31,237.49999999999994,,237.49999999999994
1996-08-31,237.49999999999994,,237.49999999999994
1996-09-30,237.49999999999994,,237.49999999999994
1996-10-31,167.04545454545453,,167.04545454545453
1996-11-30,167.04545454545453,,167.04545454545453
1996-12-31,167.04545454545453,,167.04545454545453
1997-01-31,319.3181818181818,,319.3181818181818
1997-02-28,319.3181818181818,,319.3181818181818
1997-03-31,319.3181818181818,,319.3181818181818
1997-04-30,281.8181818181818,,281.8181818181818
1997-05-31,281.8181818181818,,281.8181818181818
1997-06-30,281.8181818181818,,281.8181818181818
1997-07-31,386.3636363636363,,386.3636363636363
1997-08-31,386.3636363636363,,386.3636363636363
1997-09-30,386.3636363636363,,386.3636363636363
1997-10-31,177.27272727272725,,177.27272727272725
1997-11-30,177.27272727272725,,177.27272727272725
1997-12-31,177.27272727272725,,177.27272727272725
1998-01-31,343.1818181818182,,343.1818181818182
1998-02-28,343.1818181818182,,343.1818181818182
1998-03-31,343.1818181818182,,343.1818181818182
1998-04-30,212.49999999999994,,212.49999999999994
1998-05-31,212.49999999999994,,212.49999999999994
1998-06-30,212.49999999999994,,212.49999999999994
1998-07-31,159.0909090909091,,159.0909090909091
1998-08-31,159.0909090909091,,159.0909090909091
1998-09-30,159.0909090909091,,159.0909090909091
1998-10-31,311.3636363636363,,311.3636363636363
1998-11-30,311.3636363636363,,311.3636363636363
1998-12-31,311.3636363636363,,311.3636363636363
1999-01-31,279.54545454545456,,279.54545454545456
1999-02-28,279.54545454545456,,279.54545454545456
1999-03-31,279.54545454545456,,279.54545454545456
1999-04-30,385.22727272727263,,385.22727272727263
1999-05-31,385.22727272727263,,385.22727272727263
1999-06-30,385.22727272727263,,385.22727272727263
1999-07-31,222.72727272727272,,222.72727272727272
1999-08-31,222.72727272727272,,222.72727272727272
1999-09-30,222.72727272727272,,222.72727272727272
1999-10-31,35.22727272727273,,35.22727272727273
1999-11-30,35.22727272727273,,35.22727272727273
1999-12-31,35.22727272727273,,35.22727272727273
2000-01-31,344.3181818181818,,344.3181818181818
2000-02-29,344.3181818181818,,344.3181818181818
2000-03-31,344.3181818181818,,344.3181818181818
2000-04-30,248.86363636363632,,248.86363636363632
2000-05-31,248.86363636363632,,248.86363636363632
2000-06-30,248.86363636363632,,248.86363636363632
2000-07-31,71.59090909090908,,71.59090909090908
2000-08-31,71.59090909090908,,71.59090909090908
2000-09-30,71.59090909090908,,71.59090909090908
2000-10-31,153.4090909090909,,153.4090909090909
2000-11-30,153.4090909090909,,153.4090909090909
2000-12-31,153.4090909090909,,153.4090909090909
2001-01-31,0.0,,0.0
2001-02-28,0.0,,0.0
2001-03-31,0.0,,0.0
2001-04-30,-178.4090909090909,,-178.4090909090909
2001-05-31,-178.4090909090909,,-178.4090909090909
2001-06-30,-178.4090909090909,,-178.4090909090909
2001-07-31,-110.2272727272727,,-110.2272727272727
2001-08-31,-110.2272727272727,,-110.2272727272727
2001-09-30,-110.2272727272727,,-110.2272727272727
2001-10-31,-44.31818181818181,,-44.31818181818181
2001-11-30,-44.31818181818181,,-44.31818181818181
2001-12-31,-44.31818181818181,,-44.31818181818181
2002-01-31,-36.36363636363637,,-36.36363636363637
2002-02-28,-36.36363636363637,,-36.36363636363637
2002-03-31,-36.36363636363637,,-36.36363636363637
2002-04-30,17.045454545454543,,17.045454545454543
2002-05-31,17.045454545454543,,17.045454545454543
2002-06-30,17.045454545454543,,17.045454545454543
2002-07-31,130.68181818181816,,130.68181818181816
2002-08-31,130.68181818181816,,130.68181818181816
2002-09-30,130.68181818181816,,130.68181818181816
2002-10-31,-109.09090909090908,,-109.09090909090908
2002-11-30,-109.09090909090908,,-109.09090909090908
2002-12-31,-109.09090909090908,,-109.09090909090908
2003-01-31,164.77272727272725,,164.77272727272725
2003-02-28,164.77272727272725,,164.77272727272725
2003-03-31,164.77272727272725,,164.77272727272725
2003-04-30,112.5,,112.5
2003-05-31,112.5,,112.5
2003-06-30,112.5,,112.5
2003-07-31,385.22727272727263,,385.22727272727263
2003-08-31,385.22727272727263,,385.22727272727263
2003-09-30,385.22727272727263,,385.22727272727263
2003-10-31,250.0,,250.0
2003-11-30,250.0,,250.0
2003-12-31,183.20721769499417,,183.20721769499417
2004-01-31,66.16176314953962,,66.16176314953962
2004-02-29,66.21997036723462,,66.21997036723462
2004-03-31,66.3945920203196,,66.3945920203196
2004-04-30,109.00822838395597,,109.00822838395597
2004-05-31,109.00822838395597,,109.00822838395597
2004-06-30,109.00822838395597,,109.00822838395597
2004-07-31,124.27703989840194,,124.27703989840194
2004-08-31,124.27703989840194,,124.27703989840194
2004-09-30,124.27703989840194,,124.27703989840194
2004-10-31,101.38903587681236,,101.38903587681236
2004-11-30,101.38903587681236,,101.38903587681236
2004-12-31,101.21441422372737,,101.21441422372737
2005-01-31,102.23436342470102,,102.23436342470102
2005-02-28,102.29257064239602,,102.29257064239602
2005-03-31,102.350777860091,,102.350777860091
2005-04-30,128.99711609694145,,128.99711609694145
2005-05-31,128.99711609694145,,128.99711609694145
2005-06-30,128.99711609694145,,128.99711609694145
2005-07-31,146.61075246057783,,146.61075246057783
2005-08-31,146.61075246057783,,146.61075246057783
2005-09-30,146.61075246057783,,146.61075246057783
2005-10-31,103.99711609694145,,103.99711609694145
2005-11-30,103.99711609694145,,103.99711609694145
2005-12-31,103.99711609694145,,103.99711609694145
2006-01-31,178.99711609694145,,178.99711609694145
2006-02-28,179.05532331463644,,179.05532331463644
2006-03-31,179.05532331463644,,179.05532331463644
2006-04-30,78.76428722616149,,78.76428722616149
2006-05-31,78.93890887924647,,78.93890887924647
2006-06-30,78.93890887924647,,78.93890887924647
2006-07-31,123.25709069742828,,123.25709069742828
2006-08-31,123.25709069742828,,123.25709069742828
2006-09-30,123.25709069742828,,123.25709069742828
2006-10-31,90.20002116626097,,90.20002116626097
2006-11-30,90.20002116626097,,90.20002116626097
2006-12-31,90.20002116626097,,90.20002116626097
2007-01-31,156.8268791843137,,156.8268791843137
2007-02-28,156.78807437251703,,156.78807437251703
2007-03-31,156.78807437251703,,156.78807437251703
2007-04-30,82.54565013009278,,82.54565013009278
2007-05-31,82.54565013009278,,82.54565013009278
2007-06-30,82.54565013009278,,82.54565013009278
2007-07-31,105.23411804556883,,105.23411804556883
2007-08-31,105.23411804556883,,105.23411804556883
2007-09-30,105.23411804556883,,105.23411804556883
2007-10-31,141.97654228799308,,141.97654228799308
2007-11-30,141.97654228799308,,141.97654228799308
2007-12-31,141.97654228799308,,141.97654228799308
2008-01-31,94.65118441972858,,94.65118441972858
2008-02-29,94.34074592535528,,94.34074592535528
2008-03-31,94.26313630176196,,94.26313630176196
2008-04-30,80.66557747719497,,80.66557747719497
2008-05-31,80.66557747719497,,80.66557747719497
2008-06-30,80.66557747719497,,80.66557747719497
2008-07-31,53.121216521891064,,53.121216521891064
2008-08-31,53.1988261454844,,53.1988261454844
2008-09-30,53.1988261454844,,53.1988261454844
2008-10-31,-0.6278574541910492,,-0.6278574541910492
2008-11-30,-0.6278574541910492,,-0.6278574541910492
2008-12-31,-0.6278574541910492,,-0.6278574541910492
2009-01-31,36.7734119644091,,36.7734119644091
2009-02-28,36.7734119644091,,36.7734119644091
2009-03-31,36.7734119644091,,36.7734119644091
2009-04-30,80.33401802501515,,80.33401802501515
2009-05-31,80.52804208399847,,80.52804208399847
2009-06-30,79.9847747188452,,79.9847747188452
2009-07-31,118.76709736321673,,118.76709736321673
2009-08-31,118.72829255142005,,118.72829255142005
2009-09-30,118.72829255142005,,118.72829255142005
2009-10-31,149.4489155450349,,149.4489155450349
2009-11-30,149.4489155450349,,149.4489155450349
2009-12-31,149.4489155450349,,149.4489155450349
2010-01-31,96.16491261772829,,96.16491261772829
2010-02-28,96.16491261772829,,96.16491261772829
2010-03-31,96.16491261772829,,96.16491261772829
2010-04-30,84.17863541026367,,84.17863541026367
2010-05-31,84.17863541026367,,84.17863541026367
2010-06-30,84.17863541026367,,84.17863541026367
2010-07-31,108.83865234327243,,108.83865234327243
2010-08-31,108.87745715506911,,108.87745715506911
2010-09-30,108.87745715506911,,108.87745715506911
2010-10-31,87.17013362877003,,87.17013362877003
2010-11-30,87.17013362877003,,87.17013362877003
2010-12-31,87.17013362877003,,87.17013362877003
2011-01-31,68.64530952175768,,68.64530952175768
2011-02-28,68.64530952175768,,68.64530952175768
2011-03-31,68.64530952175768,,68.64530952175768
2011-04-30,117.9265385759786,,117.9265385759786
2011-05-31,117.9265385759786,,117.9265385759786
2011-06-30,117.9265385759786,,117.9265385759786
2011-07-31,111.37073020119465,,111.37073020119465
2011-08-31,111.40953501299133,,111.40953501299133
2011-09-30,111.40953501299133,,111.40953501299133
2011-10-31,92.99488796039317,,92.99488796039317
2011-11-30,92.99488796039317,,92.99488796039317
2011-12-31,92.99488796039317,,92.99488796039317
2012-01-31,131.7532590681414,,131.7532590681414
2012-02-29,131.7532590681414,,131.7532590681414
2012-03-31,131.83086869173474,,131.83086869173474
2012-04-30,108.44391416391875,,108.44391416391875
2012-05-31,108.52152378751208,,108.52152378751208
2012-06-30,108.52152378751208,,108.52152378751208
2012-07-31,54.354857120845416,,54.354857120845416
2012-08-31,54.354857120845416,,54.354857120845416
2012-09-30,54.354857120845416,,54.354857120845416
2012-10-31,112.68819045417875,,112.68819045417875
2012-11-30,112.68819045417875,,112.68819045417875
2012-12-31,112.68819045417875,,112.68819045417875
2013-01-31,129.26223760203422,,129.26223760203422
2013-02-28,129.26223760203422,,129.26223760203422
2013-03-31,129.26223760203422,,129.26223760203422
2013-04-30,53.50466184445846,,53.50466184445846
2013-05-31,53.50466184445846,,53.50466184445846
2013-06-30,53.50466184445846,,53.50466184445846
2013-07-31,99.677978244783,,99.677978244783
2013-08-31,99.677978244783,,99.677978244783
2013-09-30,99.677978244783,,99.677978244783
2013-10-31,96.64767521447997,,96.64767521447997
2013-11-30,96.64767521447997,,96.64767521447997
2013-12-31,96.64767521447997,,96.64767521447997
2014-01-31,86.01303039632778,,86.01303039632778
2014-02-28,86.01303039632778,,86.01303039632778
2014-03-31,85.97422558453111,,85.97422558453111
2014-04-30,119.68634679665233,,119.68634679665233
2014-05-31,119.68634679665233,,119.68634679665233
2014-06-30,119.56993236126233,,119.56993236126233
2014-07-31,85.47902327035325,,85.47902327035325
2014-08-31,85.40141364675992,,85.40141364675992
2014-09-30,85.47902327035325,,85.47902327035325
2014-10-31,96.50267656699839,,96.50267656699839
2014-11-30,96.58028619059172,,96.58028619059172
2014-12-31,96.65789581418504,,96.65789581418504
2015-01-31,84.1685187145024,,84.1685187145024
2015-02-28,84.1685187145024,,84.1685187145024
2015-03-31,84.12971390270575,,84.12971390270575
2015-04-30,93.22062299361484,,93.22062299361484
2015-05-31,93.22062299361484,,93.22062299361484
2015-06-30,93.18181818181819,,93.18181818181819
2015-07-31,100.37878787878788,,100.37878787878788
2015-08-31,100.41759269058453,,100.41759269058453
2015-09-30,100.33998306699122,,100.33998306699122
2015-10-31,100.0,,100.0
2015-11-30,100.0,,100.0
2015-12-31,100.0,100.0,100.0
2016-01-31,102.36539594170495,100.0,101.18269797085247
2016-02-29,102.36539594170495,100.0,101.18269797085247
2016-03-31,102.40420075350163,100.0,101.20210037675082
2016-04-30,90.85580057006071,100.0,95.42790028503035
2016-05-31,90.85580057006071,100.0,95.42790028503035
2016-06-30,90.66177651107739,100.0,95.3308882555387
2016-07-31,103.16177651107739,100.0,101.5808882555387
2016-08-31,103.16177651107739,100.0,101.5808882555387
2016-09-30,103.16177651107739,100.0,101.5808882555387
2016-10-31,103.91935226865314,100.0,101.95967613432657
2016-11-30,103.91935226865314,100.0,101.95967613432657
2016-12-31,103.91935226865314,120.93023255813952,112.42479241339633
2017-01-31,103.21886948852534,120.93023255813952,112.07455102333243
2017-02-28,103.21886948852534,120.93023255813952,112.07455102333243
2017-03-31,103.21886948852534,120.93023255813952,112.07455102333243
2017-04-30,120.26432403397989,120.93023255813952,120.5972782960597
2017-05-31,120.30312884577654,120.93023255813952,120.61668070195803
2017-06-30,120.30312884577654,120.93023255813952,120.61668070195803
2017-07-31,104.01525005789777,120.93023255813952,112.47274130801864
2017-08-31,104.01525005789777,120.93023255813952,112.47274130801864
2017-09-30,104.01525005789777,120.93023255813952,112.47274130801864
2017-10-31,120.30312884577654,120.93023255813952,120.61668070195803
2017-11-30,120.38073846936987,120.93023255813952,120.6554855137547
2017-12-31,120.41954328116653,148.8372093023256,134.62837629174606
2018-01-31,122.36741200143297,148.8372093023256,135.6023106518793
2018-02-28,122.40621681322965,148.8372093023256,135.6217130577776
2018-03-31,122.48382643682298,148.8372093023256,135.66051786957428
2018-04-30,102.94207598703993,148.8372093023256,125.88964264468277
2018-05-31,102.94207598703993,148.8372093023256,125.88964264468277
2018-06-30,102.94207598703993,148.8372093023256,125.88964264468277
2018-07-31,105.59359113855506,148.8372093023256,127.21540022044033
2018-08-31,105.59359113855506,148.8372093023256,127.21540022044033
2018-09-30,105.59359113855506,148.8372093023256,127.21540022044033
2018-10-31,93.09359113855506,148.8372093023256,120.96540022044033
2018-11-30,93.09359113855506,148.8372093023256,120.96540022044033
2018-12-31,93.09359113855506,179.06976744186048,136.08167929020777
2019-01-31,83.75663016598936,179.06976744186048,131.41319880392493
2019-02-28,84.26109271934598,179.06976744186048,131.66543008060324
2019-03-31,84.33870234293931,179.06976744186048,131.70423489239988
2019-04-30,105.17203567627264,179.06976744186048,142.12090155906657
2019-05-31,105.3272549234593,179.06976744186048,142.1985111826599
2019-06-30,105.3272549234593,179.06976744186048,142.1985111826599
2019-07-31,81.84240643861081,179.06976744186048,130.45608694023565
2019-08-31,81.84240643861081,179.06976744186048,130.45608694023565
2019-09-30,81.84240643861081,179.06976744186048,130.45608694023565
2019-10-31,97.37270946891384,179.06976744186048,138.22123845538715
2019-11-30,97.37270946891384,179.06976744186048,138.22123845538715
2019-12-31,97.37270946891384,216.27906976744185,156.82588961817785
2020-01-31,73.96271424594467,216.27906976744185,145.12089200669325
2020-02-29,73.96271424594467,216.27906976744185,145.12089200669325
2020-03-31,74.27315274031797,216.27906976744185,145.27611125387992
2020-04-30,95.1064860736513,216.27906976744185,155.69277792054658
2020-05-31,95.1064860736513,216.27906976744185,155.69277792054658
2020-06-30,95.1064860736513,216.27906976744185,155.69277792054658
2020-07-31,142.83375880092402,216.27906976744185,179.55641428418295
2020-08-31,143.41583097787398,216.27906976744185,179.84745037265793
2020-09-30,143.41583097787398,216.27906976744185,179.84745037265793
2020-10-31,133.18855825060123,216.27906976744185,174.73381400902156
2020-11-30,133.18855825060123,216.27906976744185,174.73381400902156
2020-12-31,133.18855825060123,297.6744186046512,215.43148842762622
2021-01-31,152.77804652859285,297.6744186046512,225.226232566622
2021-02-28,152.1183647280496,297.6744186046512,224.89639166635038
2021-03-31,152.1183647280496,297.6744186046512,224.89639166635038
2021-04-30,123.70927381895869,297.6744186046512,210.69184621180494
2021-05-31,123.74807863075536,297.6744186046512,210.71124861770326
2021-06-30,123.59285938356872,297.6744186046512,210.63363899410996
2021-07-31,99.69036529248324,297.6744186046512,198.68239194856721
2021-08-31,99.69036529248324,297.6744186046512,198.68239194856721
2021-09-30,99.69036529248324,297.6744186046512,198.68239194856721
2021-10-31,154.23581983793778,297.6744186046512,225.95511922129447
2021-11-30,154.23581983793778,297.6744186046512,225.95511922129447
2021-12-31,154.23581983793778,390.6976744186046,272.4667471282712
2022-01-31,157.91825332503404,390.6976744186046,274.3079638718193
2022-02-28,157.91825332503404,390.6976744186046,274.3079638718193
2022-03-31,157.91825332503404,390.6976744186046,274.3079638718193
2022-04-30,111.64399149838573,390.6976744186046,251.17083295849517
2022-05-31,111.64437954650371,390.6976744186046,251.17102698255417
2022-06-30,111.64515564273962,390.6976744186046,251.1714150306721
2022-07-31,114.3817768019452,390.6976744186046,252.5397256102749
2022-08-31,114.38449313877095,390.6976744186046,252.54108377868778
2022-09-30,114.38565728312484,390.6976744186046,252.54166585086472
2022-10-31,92.73692902263873,390.6976744186046,241.71730172062166
2022-11-30,92.73731707075672,390.6976744186046,241.71749574468066
2022-12-31,92.97674275954212,506.9767441860465,299.97674347279434
2023-01-31,84.61252206612359,506.9767441860465,295.79463312608505
2023-02-28,85.3032477161042,506.9767441860465,296.1399959510754
2023-03-31,85.30402381234012,506.9767441860465,296.1403839991933
2023-04-30,88.30672251061507,506.9767441860465,297.6417333483308
2023-05-31,88.36997435384363,506.9767441860465,297.6733592699451
2023-06-30,87.88879468756501,506.9767441860465,297.43276943680576
2023-07-31,96.97815158600224,506.9767441860465,301.9774478860244
2023-08-31,96.99600179942871,506.9767441860465,301.98637299273764
2023-09-30,97.03946318864097,506.9767441860465,302.00810368734375
2023-10-31,129.61444466816263,506.9767441860465,318.29559442710456
2023-11-30,129.65324947995927,506.9767441860465,318.3149968330029
2023-12-31,129.65635386490302,627.906976744186,378.7816653045445
2024-01-31,119.17408409571142,627.906976744186,373.5405304199487
2024-02-29,91.62350513281828,627.906976744186,359.76524093850213
2024-03-31,91.70790559847603,627.906976744186,359.807441171331
2024-04-30,95.17171129220021,627.906976744186,361.5393440181931
2024-05-31,97.38998835855645,627.906976744186,362.6484825513712
2024-06-30,98.77764842840512,627.906976744186,363.3423125862955
2024-07-31,103.95123822626732,627.906976744186,365.9291074852266
2024-08-31,104.80280982114509,627.906976744186,366.3548932826655
2024-09-30,104.80339189332204,627.906976744186,366.355184318754
2024-10-31,72.98521007514022,627.906976744186,350.4460934096631
2024-11-30,72.6295639750238,627.906976744186,350.26827035960486
2024-12-31,72.63771298550111,779.0697674418604,425.8537402136808
2025-01-31,266.7865118001905,779.0697674418604,522.9281396210255
2025-02-28,266.55659329029527,779.0697674418604,522.8131803660779
2025-03-31,266.79640702719865,779.0697674418604,522.9330872345296
2025-04-30,173.9940999047518,779.0697674418604,476.5319336733061
2025-05-31,124.12456344586728,779.0697674418604,451.59716544386384
2025-06-30,124.12456344586728,779.0697674418604,451.59716544386384
2025-07-31,124.12456344586728,779.0697674418604,451.59716544386384
2025-08-31,124.12456344586728,779.0697674418604,451.59716544386384
2025-09-30,124.12456344586728,779.0697674418604,451.59716544386384
2025-10-31,124.12456344586728,779.0697674418604,451.59716544386384
2025-11-30,124.12456344586728,779.0697674418604,451.59716544386384
2025-12-31,124.12456344586728,906.9767441860465,515.5506538159569
