date,Market,Mkt_GSPC_idx,Mkt_IXIC_idx,Mkt_NDX_idx,Mkt_QQQ_idx,Mkt_ARKK_idx
1980-01-31,100.0,100.0,100.0,,,
1980-02-29,98.63108601945613,99.56201823409195,97.70015380482032,,,
1980-03-31,85.20814729492625,89.42711375523118,80.98918083462134,,,
1980-04-30,89.8266543219672,93.10616459870161,86.5471440452328,,,
1980-05-31,95.22804493836844,97.44218140796275,93.01390846877415,,,
1980-06-30,98.80783315141089,100.07007200341104,97.54559429941074,,,
1980-07-31,106.39897715021948,106.57848131212751,106.21947298831145,,,
1980-08-31,109.71149147346799,107.20041461774836,112.2225683291876,,,
1980-09-30,112.98937572320459,109.89838389967908,116.0803675467301,,,
1980-10-31,115.42149876332087,111.65907246988942,119.18392505675233,,,
1980-11-30,125.88831983195558,123.09039923331807,128.6862404305931,,,
1980-12-31,122.00754165089333,118.92080426754205,125.0942790342446,,,
1981-01-31,117.88736988545604,113.48107822000404,122.29366155090804,,,
1981-02-28,118.70252191627108,114.98773656401914,122.417307268523,,,
1981-03-31,124.53615159341157,119.13104032698931,129.94126285983384,,,
1981-04-30,125.1668133639439,116.33671452191312,133.9969122059747,,,
1981-05-31,127.15082646291252,116.14400147562216,138.15765145020288,,,
1981-06-30,124.16001702958144,114.935180890693,133.38485316846987,,,
1981-07-31,122.75942975974334,114.68114398142642,130.83771553806028,,,
1981-08-31,114.28982780468525,107.55956287366723,121.02009273570324,,,
1981-09-30,106.53541683729037,101.76944339371713,111.30139028086361,,,
1981-10-31,113.73799454958453,106.77119435841847,120.70479474075057,,,
1981-11-30,117.58628915346,110.67799090834968,124.49458739857033,,,
1981-12-31,114.2125326954434,107.34933349729134,121.07573189359545,,,
1982-01-31,110.96793554318754,105.46601056727248,116.4698605191026,,,
1982-02-28,105.00533965640986,99.08023561836454,110.93044369445518,,,
1982-03-31,103.33319047375457,98.07287622016176,108.59350472734737,,,
1982-04-30,108.09287824656813,101.99719578324928,114.18856070988699,,,
1982-05-31,104.19150488310947,98.00279753367934,110.3802122325396,,,
1982-06-30,100.95926912518348,96.0143632570082,105.90417499335878,,,
1982-07-31,98.63453405445587,93.80693141431166,103.46213669460008,,,
1982-08-31,107.2767432673588,104.68640355860184,109.86708297611574,,,
1982-09-30,110.74794394218236,105.48352689735738,116.01236098700734,,,
1982-10-31,124.29489905171931,117.13384454374003,131.4559535596986,,,
1982-11-30,132.48505014531153,121.34722699319262,143.62287329743043,,,
1982-12-31,133.440105726495,123.19551057997029,143.6847008730197,,,
1983-01-31,140.40846014670623,127.27750384610759,153.53941644730486,,,
1983-02-28,145.42563589205412,129.69515838210862,161.15611340199962,,,
1983-03-31,150.70311821025115,133.98738770769316,167.4188487128091,,,
1983-04-30,162.60775511636575,144.03467712077244,181.18083311195906,,,
1983-05-31,166.55817430476904,142.24771739697044,190.86863121256764,,,
1983-06-30,171.9394954909959,146.84652593900495,197.03246504298687,,,
1983-07-31,165.15812668391675,142.39662959344204,187.91962377439143,,,
1983-08-31,162.396784936563,144.0083992841094,180.78517058901662,,,
1983-09-30,164.43578774501663,145.47127014444789,183.4003053455854,,,
1983-10-31,156.50053979785213,143.26383830175135,169.73724129395288,,,
1983-11-30,161.18619514534976,145.7603263477416,176.6120639429579,,,
1983-12-31,158.35688774427246,144.4726588866805,172.24111660186438,,,
1984-01-31,154.54741578110472,143.14120394194282,165.95362762026662,,,
1984-02-29,146.86360591087862,137.5788301684535,156.14838165330372,,,
1984-03-31,147.23879944525672,139.43586857873794,155.0417303117755,,,
1984-04-30,146.58739176197687,140.19796594039502,152.97681758355873,,,
1984-05-31,137.9072465570444,131.8763123881421,143.9381807259467,,,
1984-06-30,141.17041275002094,134.18008738784135,148.16073811220053,,,
1984-07-31,136.99097029744973,131.97266891128757,142.00927168361187,,,
1984-08-31,151.71686226000034,146.00559506735868,157.428129452642,,,
1984-09-30,150.00998030938274,145.49754798111096,154.52241263765455,,,
1984-10-31,149.09678556806458,145.48877979146144,152.7047913446677,,,
1984-11-30,146.5755044050602,143.29011613841442,149.86089267170595,,,
1984-12-31,149.6313823964963,146.4961458727356,152.76661892025695,,,
1985-01-31,164.8261388373725,157.34933349729135,172.30294417745364,,,
1985-02-28,167.20515978757828,158.70706627869208,175.70325329646445,,,
1985-03-31,165.43181902702165,158.2515748657705,172.6120631882728,,,
1985-04-30,165.50105808778352,157.524523530426,173.47759264514104,,,
1985-05-31,172.91124963727282,166.0388901289699,179.78360914557575,,,
1985-06-30,175.58785924074996,168.0536089253755,183.12210955612443,,,
1985-07-31,176.75703213158525,167.23895589039228,186.27510837277822,,,
1985-08-31,174.64123593610907,165.23300528363623,184.04946658858194,,,
1985-09-30,166.39377569769277,159.49544147701224,173.29210991837328,,,
1985-10-31,149.03667511809735,166.27540402508023,180.83462132921176,100.0,,
1985-11-30,160.12734624746983,177.09354562332337,194.12673879443585,109.16175432465027,,
1985-12-31,166.83335380372208,185.07357393281373,200.86552945686825,114.56095802148427,,
1986-01-31,169.4074623549131,185.5115556987218,207.6043201193006,115.10651124671689,,
1986-02-28,180.87711799254228,198.7736430357718,222.25656877897993,121.60114216287513,,
1986-03-31,189.9423038705285,209.26768240440867,231.65379425473338,128.90543495244347,,
1986-04-30,192.4533973539966,206.30693475584735,236.90881743865918,134.14443986748321,,
1986-05-31,201.79232754097902,216.66958494116892,247.4188638065108,141.2885338752573,,
1986-06-30,203.74626638939063,219.72668911287573,250.6955177743431,140.81659228095305,,
1986-07-31,187.25117093342087,206.8325048552514,229.6135974630506,125.30741048196063,,
1986-08-31,196.54850547329247,221.5574496864971,236.72333471189143,131.3647320214889,,
1986-09-30,179.5026239371812,202.6278905954483,216.81608173541343,119.0638994806819,,
1986-10-31,187.29680522645404,213.7175787499716,223.0602706602589,125.11256626913169,,
1986-11-30,189.57826354513327,218.30763246849932,222.3183963545692,128.1087618123313,,
1986-12-31,183.40775717758171,212.1320868959673,215.64141440059893,122.4497702361789,,
1987-01-31,208.94251848839815,240.0840730379505,242.41113205781494,144.33235036942904,,
1987-02-28,223.31750409613198,248.94884643504923,262.75115919629053,158.25250665705616,,
1987-03-31,227.50807624738013,255.51857292366998,265.9041768800715,161.101478938399,,
1987-04-30,223.64878499334796,252.59283120299295,258.2998378936437,160.0536858834073,,
1987-05-31,225.02623201472397,254.11702592630712,257.49613601236473,163.4655341055001,,
1987-06-30,230.91038034735288,266.2929136720938,262.5656953366499,163.87253203331485,,
1987-07-31,239.34523225461464,279.134542256392,268.8717118370846,170.02944267036727,,
1987-08-31,250.55756528999515,288.8927621000349,281.29829984544045,181.48163392451008,,
1987-09-30,244.85056607806146,281.9113316821692,274.68314546705955,177.95722108495565,,
1987-10-31,183.4628126214965,220.55885179487248,199.87634484882147,129.95324122079558,,
1987-11-30,169.72138590614625,201.73440405047592,188.6862517508694,118.74350191709344,,
1987-12-31,185.3551826499413,216.4330710450586,204.32766615146832,135.30481075329698,,
1988-01-31,192.0297861328911,225.1839515397128,213.10665360558346,137.7987532533771,,
1988-02-29,203.66388570051456,234.6005595067359,226.89335394126738,149.4977436535404,,
1988-03-31,202.80160239228164,226.7782115833666,231.59196667914412,150.03462891433415,,
1988-04-30,205.22982151440195,228.91553800729523,234.43586535210588,152.33806118380477,,
1988-05-31,202.89479170662267,229.64260270878248,228.93353186582303,150.10824054526253,,
1988-06-30,215.7603077369224,239.5760259517028,244.0185546875,163.68634257156438,,
1988-07-31,211.53293886956797,238.27959030099217,239.44357823367466,156.87564807403712,,
1988-08-31,203.32788894851092,229.08197321692313,232.8284427224208,148.07325090618878,,
1988-09-30,211.0651345579092,238.18324714398943,239.69088853603168,155.32126799370647,,
1988-10-31,210.73148954325765,244.36754754002826,236.4760432766615,151.35087781308314,,
1988-11-30,205.31084549406012,239.75122935098022,229.67542503863987,146.50588209256026,,
1988-12-31,210.89896780688332,243.27259312525814,235.79597767943392,153.62833261595796,,
1989-01-31,223.38187602125893,260.5728728786261,248.09891053661127,161.47384464853948,,
1989-02-28,219.7645491427147,253.030812968901,247.10974479569163,159.1530896635515,,
1989-03-31,223.56234739550325,258.2953623494471,251.43741094716,160.95426888990266,,
1989-04-30,236.3963661136814,271.2333608230336,264.35858182597565,173.59715569203487,,
1989-05-31,247.4690149326556,280.7638215940729,275.85781280187405,185.78541040201978,,
1989-06-30,241.60614822922125,278.5388934705056,269.1190032723145,177.16054794484347,,
1989-07-31,256.4204846635435,303.15344732870955,280.55640667262367,185.5515999892972,,
1989-08-31,263.41396635273446,307.8573939496818,290.13909600801776,192.2454091005038,,
1989-09-30,264.75000566638306,305.84266178713347,292.3647566593412,196.04259855267458,,
1989-10-31,257.52860696649935,298.14293485743,281.66924643184893,192.77363961021908,,
1989-11-30,259.80377013358446,303.07461381872037,281.9783654426681,194.35833113936494,,
1989-12-31,261.5234173737545,309.56550679735193,281.174644694262,193.83010062964965,,
1990-01-31,240.0651778489579,288.26206728783586,257.0633618503671,174.87010440867076,,
1990-02-28,244.67114797218426,290.7235494059418,263.2457420667504,180.04415244386055,,
1990-03-31,250.53026271688486,297.77504514414716,269.242658423493,184.57308458301443,,
1990-04-30,242.57206200363058,289.768725631851,259.72179666368817,178.2256637153525,,
1990-05-31,268.2299472161015,316.4243162215518,283.77125193199385,204.49427349475874,,
1990-06-30,268.6395049366281,313.6124540371766,285.81142985654947,206.49463091615826,,
1990-07-31,258.77557578086845,311.9744065098462,270.9119086287674,193.44041220399183,,
1990-08-31,228.6280676046025,282.5507946840177,235.67234139538255,167.66106673440717,,
1990-09-30,211.46417908203816,268.08862821940255,212.98299845440494,153.32091057230696,,
1990-10-31,206.53731256139213,266.2929136720938,203.8948919894706,149.424132022612,,
1990-11-30,223.67568404386512,282.2529702910745,222.00927734375,166.76480449677084,,
1990-12-31,231.33571803746233,289.2606785456033,231.09736494155717,173.64911062522648,,
1991-01-31,252.87098064187526,301.27013108176203,256.0741961094474,201.2686147344164,,
1991-02-28,272.75029257334535,321.5399400394836,280.1236513777531,216.58728630279933,,
1991-03-31,285.4166401407429,328.67903747732765,298.1761902893161,229.39469265558486,,
1991-04-30,285.58957919891833,328.78414882397993,299.67233460321677,228.31225416955846,,
1991-05-31,298.6578526673018,341.4768518456638,312.89643607515455,241.60027008108707,,
1991-06-30,279.82494744772674,325.1226276767372,294.2318475596503,220.1203671067927,,
1991-07-31,295.2534908918864,339.7074151350181,310.3802216661032,235.6728358745378,,
1991-08-31,306.752065687026,346.38225297029106,324.99535868672723,248.8785854040596,,
1991-09-30,304.8265392377068,339.75120261869466,325.7372518595441,248.9911632348817,,
1991-10-31,310.9192357935842,343.77189875414183,335.69086891421944,253.2949397123914,,
1991-11-30,299.7293615517313,328.67903747732765,323.89491463002315,246.61413254784307,,
1991-12-31,338.1191607456058,365.355626277302,362.49769821049074,286.5041577490248,,
1992-01-31,344.82597722842735,358.0763714664931,383.43741698464066,292.96414323414837,,
1992-02-29,350.8868149313089,361.5101602734178,391.63522145479135,299.51506306571764,,
1992-03-31,335.54556481830934,353.61772029742343,373.27358239953634,279.74539175796826,,
1992-04-30,329.27821640506687,363.481078220004,357.7619738335587,266.59159716163805,,
1992-05-31,332.90743960371356,363.8314582862734,361.8608949357612,273.0299655891061,,
1992-06-30,322.2683560795934,357.51576870691923,348.43893390166147,260.85036563019963,,
1992-07-31,333.3011479991221,371.59248234666694,359.09120067378285,269.2197609769166,,
1992-08-31,323.32060441797245,362.6751800085276,348.1421917262365,259.1444415191533,,
1992-09-30,332.59335051286695,365.9775528998515,360.59970295595053,271.20279568279875,,
1992-10-31,341.9731763038778,366.74840508501535,374.13909298927746,285.0320308373405,,
1992-11-30,361.7678160098429,377.8468747953309,403.54249178902626,303.91408144517163,,
1992-12-31,370.6949273382872,381.6660629625521,418.5162362949189,311.9024827573905,,
1993-01-31,378.5819600676975,384.355277420976,430.5038805907071,320.8867221914094,,
1993-02-28,369.0500725115196,388.3847150137872,414.6955298493045,304.06997267146727,,
1993-03-31,377.8503710718071,395.6464601775826,426.6646088920015,311.24004414583715,,
1993-04-30,362.9603393877822,385.59038920871103,408.91498170643354,294.3756472482021,,
1993-05-31,382.0698187085745,394.350024526872,433.0942994107419,318.76513218810936,,
1993-06-30,382.3009147853648,394.64784891981515,435.2086628791538,317.0462325571255,,
1993-07-31,377.9271999420344,392.54554178991367,435.67234139538255,305.56371664080706,,
1993-08-31,396.00338581193864,406.06165267008754,459.25194859688946,322.696556168839,,
1993-09-30,401.66596882360074,402.0059372406133,471.579616257728,331.412352972461,,
1993-10-31,410.0479768630259,409.8020073273195,481.7681667793663,338.573756482392,,
1993-11-30,401.9396441944523,404.5112068423958,466.3925901999614,334.9151355409996,,
1993-12-31,411.2437889616455,408.59320010853304,480.2472876618045,344.8908791145991,,
1994-01-31,425.0829044674478,421.8727837264539,494.88097106839257,358.4949586074968,,
1994-02-28,418.69006582953216,409.197617084069,489.95363214837715,356.91894825615026,,
1994-03-31,393.9126712643503,390.4782539540392,459.6352531515649,331.6245066874469,,
1994-04-30,390.6282192228971,394.98071933907096,453.6878064021445,323.21613192747583,,
1994-05-31,394.15507551397377,399.8773522740487,454.5224126376546,328.0654616302181,,
1994-06-30,379.20589821266555,389.16430865631503,436.45132734012753,312.0020586415542,,
1994-07-31,389.4753856362889,401.4190566443764,446.4667531032651,320.54034716122516,,
1994-08-31,411.46969862782504,416.511891188905,473.3353911079985,344.56181358657176,,
1994-09-30,406.29497525258324,405.3170783215867,472.51312397362824,341.0547234625347,,
1994-10-31,417.3720719192545,413.7613795997909,480.67387340610514,357.6809627518673,,
1994-11-30,403.94881949499404,397.4158968882283,463.87635692378285,350.55420467297097,,
1994-12-31,405.7573179507114,402.3037616335565,464.8902763354907,350.07791588308686,,
1995-01-31,409.9866531641174,412.07077639913445,466.8933614881182,350.99582160509954,,
1995-02-28,430.724549202834,426.93587860334503,490.71405284003094,374.523716165126,,
1995-03-31,443.6812965713337,438.60369253059844,505.23030724739175,387.209889936011,,
1995-04-30,459.75452414012153,450.86720870830936,521.780513427357,406.61585028469835,,
1995-05-31,474.8085979597059,467.2389692565351,534.5162393136592,422.67058530892336,,
1995-06-30,506.72765036034633,477.18113395681934,577.0942888451507,465.90752827906886,,
1995-07-31,534.650750918547,492.3440605539731,618.9861032288447,492.62208897282306,,
1995-08-31,540.7705420375663,492.18639353399476,630.6707791972566,499.45445338144754,,
1995-09-30,554.5761518923447,511.92182410423453,645.1561292503864,506.6505023224132,,
1995-10-31,556.1395177915016,509.3727937510609,640.5317209234931,518.5140386999507,,
1995-11-30,566.4173327598246,530.2820389783454,654.8376823319165,514.1322769692118,,
1995-12-31,562.9952635300332,539.5322117357407,650.4667727250772,498.9868061292815,,
1996-01-31,574.9399472996212,557.1303426143373,655.2024971020093,512.4870021825168,,
1996-02-29,593.4754095854314,560.9933182652351,680.0927658906492,539.3401446004099,,
1996-03-31,591.4411234879749,565.4344597872912,680.9273721261592,527.9615385504745,,
1996-04-30,628.803047583825,573.0290486380569,736.0247415958269,577.3553525175911,,
1996-05-31,651.478709980061,586.1247141316218,768.7357364518933,599.5756793566679,,
1996-06-30,635.5267729312183,587.4474276189954,732.6244324768161,586.5084586978431,,
1996-07-31,593.1293484014221,560.5728728786261,668.0618026709815,550.7533696546589,,
1996-08-31,617.1523758450106,571.1194545544463,705.7187017001546,574.6189712804309,,
1996-09-30,666.4346598745315,602.0760292932385,758.5286206771638,638.6993296531922,,
1996-10-31,674.720358090183,617.7908171926022,755.1839318489181,651.1863252290289,,
1996-11-30,728.1580652996745,663.1219299640851,799.1406400937018,722.2116258412368,,
1996-12-31,719.4274654708582,648.861218003125,798.1638511881762,711.2573272212733,,
1997-01-31,779.913374859826,688.6474666481323,853.0757190639489,798.0169388673969,,
1997-02-28,746.1531946197207,692.7294866465551,809.2735703245748,736.4565268880323,,
1997-03-31,702.9085331343975,663.2095049314383,755.3013608481452,690.2147336236088,,
1997-04-30,746.2920662883216,701.9446401099232,779.4497741982226,757.4817845568189,,
1997-05-31,813.036765468711,743.0623704319537,865.7310332544436,830.3168927197356,,
1997-06-30,831.9558412029311,775.350373383198,891.5424706578439,828.9746795677514,,
1997-07-31,926.6427535064614,835.9407559088374,985.353977492272,958.6335271182751,,
1997-08-31,899.7729742054998,787.9028922996315,981.3415433008114,930.0744870160565,,
1997-09-30,940.6756572044224,829.7827600817474,1042.1576144706337,950.0865970608862,,
1997-10-31,889.7815949562695,801.1737611924739,985.2302846068392,882.9407390694953,,
1997-11-30,912.0354823415224,836.8955796829283,989.5208957206338,909.6899716210052,,
1997-12-31,892.9737936123911,850.0612837645473,970.8500621860511,858.0100348865749,,
1998-01-31,929.1284476513086,858.6895566316786,1001.1499136640263,927.545872658221,,
1998-02-28,1015.9459893157742,919.1835425357444,1094.5966057283617,1034.0578196832164,,
1998-03-31,1052.3371818086243,965.0928211783859,1134.8872047671948,1057.0315194802922,,
1998-04-30,1069.9283579840396,973.8524564965468,1155.1221231404559,1080.8104943151168,,
1998-05-31,1029.1858231929302,955.5184927268135,1099.765066533037,1032.2739103189408,,
1998-06-30,1107.5577874599394,993.2024609742048,1171.4003030815302,1158.0705983240834,,
1998-07-31,1110.6293933182508,981.6660896948375,1157.5826983916152,1192.6393918682998,,
1998-08-31,917.6380140891674,838.5423953999084,926.8933539412674,987.4782929263265,,
1998-09-30,1034.3931333057405,890.863680046621,1047.1962694406877,1165.1194504299133,,
1998-10-31,1090.1056552912853,962.3948919948834,1095.1406582061438,1212.7814156728293,,
1998-11-30,1191.2312942615217,1019.2974488043317,1205.279776854714,1349.1166571255194,,
1998-12-31,1340.7530809289622,1076.7606351056393,1355.6042914412674,1589.8943162399798,,
1999-01-31,1504.0654013495634,1120.9179866846484,1549.236409630989,1842.041807733053,,
1999-02-28,1388.8256002306898,1084.7318818593374,1414.5471587615918,1667.1977600711407,,
1999-03-31,1143.1435498184273,1126.813204145108,1521.7310060857806,1824.0299890428207,100.0,
1999-04-30,1173.5131722348026,1169.5690354590402,1572.0928021155332,1850.0085127074537,102.38233865718331,
1999-05-31,1144.1193008974878,1140.3643343193091,1527.3694092928902,1809.5773211167007,99.166138861052,
1999-06-30,1240.4556339198812,1202.4438655419503,1660.661587132921,1988.8898101537407,109.82727285091298,
1999-07-31,1217.3751057401983,1163.9102383316915,1631.2148316750386,1966.5135656616474,107.86178729241487,
1999-08-31,1259.8827871261792,1156.6310369854536,1693.5703849497681,2075.5715686802396,113.75815788925499,
1999-09-30,1255.3053868816505,1123.6071476785016,1697.7804711649924,2085.1228198368217,114.71110884628608,
1999-10-31,1359.26064809971,1193.8770234669369,1833.9597722662286,2283.89319772902,125.31259893665316,
1999-11-30,1497.0709063515355,1216.6345389148564,2062.5409039316073,2569.0248308772448,140.08335168243312,
1999-12-31,1796.940317229812,1287.0094191208018,2515.80220005796,3210.798380966947,174.15126877353927,
2000-01-31,1729.9982507869895,1221.4960723589504,2436.0742489374034,3091.4876559135237,170.93502593808088,
2000-02-29,1999.7552182656625,1196.9341276386438,2903.6722976236474,3694.960008113004,203.45443968735543,
2000-03-31,2039.20182259777,1312.701391014477,2827.0974207882537,3808.3128818041787,208.69559678417033,
2000-04-30,1776.7635780948344,1272.2757595644775,2386.8067462809117,3267.3881381681463,180.5836683658019,
2000-05-31,1595.9707360989958,1244.3937719121204,2102.571815832689,2878.4897657568495,158.4275908943245,
2000-06-30,1790.8789263753024,1274.1765319938675,2452.0000664122877,3259.256953283173,178.0821538118813,
2000-07-31,1719.5573570990352,1253.354861733936,2328.896439093895,3125.5195641969467,170.45856337136345,
2000-08-31,1913.6592357482898,1329.432380015478,2600.5255626931994,3530.992353097988,193.68664718649336,
2000-09-30,1697.5320726288824,1258.330381643474,2270.677012896059,3091.9726390945675,169.1482568814289,
2000-10-31,1583.3408877172023,1252.1022937637588,2083.2333124034003,2842.310316430252,155.71762827139773,
2000-11-30,1262.142311836439,1151.848203389921,1606.1390612925038,2170.5403240378446,120.04165862548572,
2000-12-31,1205.735041102114,1156.517157449152,1527.3694092928902,2027.7969198996182,111.25667776679606,
2001-01-31,1319.6853852791642,1196.5749526504392,1714.2070976622877,2245.410395413114,122.54909539081518,
2001-02-28,1039.8578135251098,1086.1421703140643,1330.3431704018546,1652.5111628120542,90.4347505724661,
2001-03-31,897.7745826706574,1016.4067263776818,1137.7187077376352,1362.3570785127968,74.61581805451569,
2001-04-30,1024.3117815950245,1094.4813602456163,1308.3400248744204,1606.4686270228417,87.95711423722004,
2001-05-31,1012.1761376991699,1100.0524754764695,1304.78515625,1558.6161779760369,85.25074109417332,
2001-06-30,1020.0485271465335,1072.5122333621596,1335.7279994204018,1584.8544234531862,87.09945235038626,
2001-07-31,962.938941213842,1060.9932915329496,1253.2488438224498,1457.9233948822673,79.59023461770146,
2001-08-31,862.9152583865988,992.9747019016011,1116.1855046126352,1272.6878320476183,69.81299498454113,
2001-09-30,726.356097782661,911.8254274826608,926.6151770189335,1011.7509189066342,55.23286772241563,
2001-10-31,804.9291865186898,928.3286574110583,1044.9458739857032,1181.8323429369138,64.60987174108367,
2001-11-30,912.3360303025025,998.1166035561959,1193.5579326458655,1382.100798780671,75.56878622727761,
2001-12-31,912.8234453282025,1005.6761731129345,1205.811452497102,1365.6477337930703,74.15842190970314,
2002-01-31,900.3679675126839,990.013940886897,1195.690899101623,1342.3709723612835,73.39605770093212,
2002-02-28,820.3316983890551,969.4551024581673,1070.4729460490728,1177.0176058117645,64.38113923721572,
2002-03-31,868.1814915246379,1005.0718096019697,1140.8655181365918,1258.0620162464872,68.72662211350297,
2002-04-30,788.3561119761564,943.3426851778834,1043.7279631955178,1105.8797273687344,60.47407216249033,
2002-05-31,759.3243764718356,934.7757361737278,998.9057066267388,1046.3629465661616,57.25311652071458,
2002-06-30,682.9678738295025,867.0462294779586,904.6120314914992,910.4693484723208,49.74388587623164,
2002-07-31,624.5783919561406,798.5458705970256,821.18084065881,833.1312327834044,45.455623785322594,
2002-08-31,619.0395947514976,802.4439190065212,812.8902476574575,816.0547085975041,44.76950374450754,
2002-09-30,549.7947978058825,714.1555738820224,724.6120918663061,720.9213676224441,39.49015785275764,
2002-10-31,625.419538213732,775.8934664957583,822.1020092735703,856.8929245427929,46.78975254280648,
2002-11-30,688.4326357921263,820.1734123361477,914.2380397507727,966.4876542618538,52.83143681973116,
2002-12-31,623.8039907049986,770.6902409781878,825.6630663156878,852.4159737635516,46.44668176256718,
2003-01-31,616.0129611084046,749.5620048679492,816.6368062934698,851.2729123798946,46.5801208923051,
2003-02-28,621.5149904388682,736.8167461729392,826.9057307766616,874.3851410476676,47.95234375820437,
2003-03-31,625.59258200473,742.9747420000294,829.1623146493432,882.1094072849882,48.123864084559536,
2003-04-30,679.6477637141544,803.1884666227367,905.2921536901081,957.7935802227706,52.316854321002104,
2003-05-31,731.2031084607404,844.0697231470849,986.6522622440108,1037.3138031057342,56.77664534613174,
2003-06-30,738.6472755825895,853.6264617547873,1003.2766917020865,1040.6043526791243,57.081596194359406,
2003-07-31,776.6263577616312,867.4754430542171,1072.655344377898,1105.7671495379122,60.60749407649742,
2003-08-31,806.8300079024935,882.9800082602762,1119.2889960877123,1161.4131556841069,63.63787157787855,
2003-09-30,791.9791817966793,872.4333731198849,1104.7542141615147,1128.9400011033156,61.78913880200205,
2003-10-31,852.130692699891,920.3836082971668,1194.5656636398764,1226.5240504631447,67.04944839937603,
2003-11-30,859.9032109952814,926.944566596138,1211.907270334235,1233.3304109784526,67.43059607229988,
2003-12-31,888.3058852173123,974.0014087914467,1238.5595023908425,1271.146519980748,69.51610970621184,
2004-01-31,907.9534994555862,990.8286340203085,1277.3724280332303,1292.9337657185308,70.6791700502751,
2004-02-29,900.2100256352451,1002.925634791535,1254.9118678757727,1273.2767250950453,69.72587477862722,
2004-03-31,883.3369474425393,986.5188549492821,1232.90260939915,1245.5923037460868,68.33402167563807,
2004-04-30,859.2167282908729,969.9544615516221,1187.1097523425424,1213.5087847375116,66.29391453181562,
2004-05-31,887.3287874287621,981.6748578844871,1228.2782010722565,1269.6743402156224,69.68775054268288,
2004-06-30,912.6620263844901,999.3342056969175,1266.02166248068,1313.3356170424602,71.95662031790224,
2004-07-31,852.7739434532875,965.0665166094374,1166.837703463099,1212.6688378420072,66.52271589860692,
2004-08-31,838.4326855314755,967.2739618182766,1136.383292479714,1185.2095721546928,64.86391567321857,
2004-09-30,859.8481573209425,976.3313947970953,1172.698587833269,1223.3633089425712,66.9993377108346,
2004-10-31,892.2023086712453,990.013940886897,1221.013904318006,1287.4263313864549,70.35505809362293,
2004-11-30,939.9951537782762,1028.2234658675495,1296.3277023763524,1360.8416646323597,74.58778223684335,
2004-12-31,971.7974205495219,1061.5977619730565,1344.939685568006,1403.8101385453874,76.84209611163782,
2005-01-31,924.4314559486015,1034.7494583370647,1275.0602238697836,1315.9248014444845,71.99134014307306,
2005-02-28,925.718702757301,1054.309685508027,1268.4512956433541,1308.468977837561,71.64485204026208,
2005-03-31,906.0863695554847,1034.1537560866072,1235.9999879250386,1283.7980483205984,70.39368588969434,
2005-04-30,874.765711330679,1013.3583903956245,1188.037109375,1230.3342550753343,67.33309047675695,
2005-05-31,932.8761796822607,1043.7105481588808,1278.6522230003864,1335.8416695873698,73.30027798240587,
2005-06-30,919.8576546148743,1043.5615958639808,1271.690856839258,1293.3148390331917,70.86332672306655,
2005-07-31,974.5180166913575,1081.0967187456142,1350.7450251159196,1389.9722618531275,76.25806105076902,
2005-08-31,961.0633674241295,1068.9645382866477,1330.5039183249614,1369.6829883600203,75.10202472488831,
2005-09-30,967.4087431083697,1076.3927988569276,1330.2565325540959,1386.9587700211314,76.02687100132371,
2005-10-31,952.6322841017903,1057.2967510916797,1310.8501074671562,1367.4922132015345,74.89006464679088,
2005-11-30,1000.6810499306995,1094.4988966249152,1380.4142617368625,1448.354702089924,79.45633927109628,
2005-12-31,989.8941227659745,1093.4565513480425,1363.4127161418085,1424.6621954857214,78.04502808832565,
2006-01-31,1027.3475309546843,1121.3033593126595,1425.5456373164607,1481.425311975698,81.11581521392009,
2006-02-28,1014.5656194780198,1121.8114865957639,1410.441973773184,1446.6313627698376,79.3776547732938,
2006-03-31,1034.282321119059,1134.258894165545,1446.5471647990728,1475.2857504808837,81.03747503073438,
2006-04-30,1034.3904020769096,1148.046551601999,1435.9011241789026,1472.7311322297314,80.88280029700579,
2006-05-31,975.6210474655616,1112.552492184148,1347.0663881375579,1367.8385089515562,75.02680058898459,
2006-06-30,973.64243365303,1112.6488353411507,1342.868678757728,1364.0716441615612,74.9805763516802,
2006-07-31,947.5442135801883,1118.3076324684994,1293.0262570034777,1307.0921456812628,71.75081916751267,
2006-08-31,983.8296056388165,1142.0987250036421,1350.0772797527047,1367.968422711256,75.17399508766336,
2006-09-30,1019.3650048671291,1170.155862590706,1396.2472529462905,1432.3951825409226,78.66172139059722,
2006-10-31,1063.226523559087,1207.025137704686,1463.190084041731,1500.2944134903125,82.39645899961798,
2006-11-30,1091.6673894117316,1226.9008058447469,1503.4126859544049,1551.1343504757965,85.22171537197771,
2006-12-31,1085.1532002353333,1242.3791199464285,1493.2241354327666,1521.3889620211685,83.62058354096939,
2007-01-31,1105.137739946767,1259.8457814448534,1523.2951663929675,1552.0263051579343,85.38370679131316,
2007-02-28,1083.8718869341533,1232.3229687807004,1493.7557356066459,1525.4588884458742,83.94995490339306,
2007-03-31,1090.2346287062305,1244.621530984724,1497.1498563079597,1534.77652739014,84.39060014209863,
2007-04-30,1141.5224745915284,1298.5020563810633,1561.1067003960586,1617.3795858206108,89.10155576838025,
2007-05-31,1178.152709181916,1340.7672967911901,1610.2133041924264,1669.717600757654,91.91263498639356,
2007-06-30,1173.3710122953148,1316.8797541699023,1609.4157529945903,1674.8353995175141,92.3531424992524,
2007-07-31,1153.5626662185819,1274.7634660546755,1574.200939431994,1673.0689317889996,92.21732759865861,
2007-08-31,1178.32237838757,1291.161477707279,1605.168536273184,1722.1422953390863,94.81720423073142,
2007-09-30,1229.5357286294284,1337.3773222002274,1670.1700154559508,1810.7984470337492,99.79712982778588,
2007-10-31,1292.6219812023517,1357.2003812023916,1767.6167648763524,1938.8464802415665,106.82429848909581,
2007-11-30,1212.7980422041262,1297.4246383455925,1645.1066219088098,1809.0578774916683,99.60303107043454,
2007-12-31,1207.737207938982,1286.2297987459885,1639.7403581433541,1805.4467189409227,99.53195592566317,
2008-01-31,1091.834704696924,1207.5595695567386,1477.5023848048686,1594.5791396054294,87.69772482065943,
2008-02-29,1041.1695206042532,1165.58335861762,1404.315289316074,1511.3179501189038,83.46148436441501,
2008-03-31,1048.9377934908898,1158.636920761496,1409.0263354907265,1543.0637356350128,85.02418207632387,
2008-04-30,1114.4640265368207,1213.7262801089073,1491.6847287963678,1660.6337854394712,91.81131180253695,
2008-05-31,1160.9120538044704,1226.681814961793,1559.6042733288255,1760.105548323076,97.25657860418642,
2008-06-30,1054.3938797057149,1121.2333207246052,1417.6074067812983,1590.8295050374286,87.90528627952735,
2008-07-31,1059.4161796280582,1110.178665230252,1437.7434614084234,1601.272922289915,88.46966958364271,
2008-08-31,1074.6711985151048,1123.7122590251538,1463.690893064142,1621.5275239252667,89.75411804585617,
2008-09-30,942.9033399293179,1021.688812137527,1293.2796802550233,1380.8711106060673,75.77375671865416,
2008-10-31,783.1126328618014,848.5896714468449,1063.956693151082,1155.8538192722808,64.0503475769978,
2008-11-30,704.4827573760074,785.0735472005282,949.3477256810278,1026.8011478446201,56.70860877785354,
2008-12-31,718.3558435190351,791.2140601128905,974.9799253767388,1049.2292944164633,58.00009417004769,
2009-01-31,678.7330308768715,723.4407659334447,912.7790070759273,1022.0384185061041,56.67393199200984,
2009-02-28,629.173389546492,643.9120561271067,851.8330546029754,967.2583631487306,53.690084307155495,
2009-03-31,693.5890644856358,698.9050188529443,945.0324363649536,1071.1897937361405,59.22900898850523,
2009-04-30,775.1589376768413,764.5497280658255,1061.700184746909,1207.4211253224473,66.9647125721834,
2009-05-31,803.5844599207396,805.1331334649452,1096.9582417648764,1243.1329273968788,69.11353705625808,
2009-06-30,822.5406320850642,805.2908004849236,1134.491523377125,1279.225802785971,71.15440169223749,
2009-07-31,888.4425302926144,864.9964512890976,1223.1839258114373,1388.430844079374,77.15889999054856,
2009-08-31,905.432759161481,894.0258955649801,1242.0773159775888,1407.3345117448605,78.2933133584947,
2009-09-30,952.35005011038,925.9634917176695,1312.1606935857806,1488.5607380190331,82.71527711903697,
2009-10-31,923.9679211346497,907.6646007065342,1264.3647513765457,1443.652542795597,80.18978965992217,
2009-11-30,975.3481768137287,959.7319286408369,1325.8733215803709,1530.5074491971066,85.28000783660067,
2009-12-31,1020.0788885316105,976.7869129423025,1402.8747464258113,1610.936962691086,89.71693206724258,
2010-01-31,964.9529301153843,940.6709536341873,1327.5734761398764,1507.6549951952918,83.91229549218139,
2010-02-28,1003.4833314169257,967.4929527012306,1383.7774403496908,1574.8874271241882,87.77550549259284,
2010-03-31,1074.314491873325,1024.3780800605218,1482.510022217929,1695.8260381819869,94.54382703286363,
2010-04-30,1097.5523490642697,1039.4971122448571,1521.6012002511593,1732.447130867434,96.66395289362865,
2010-05-31,1010.8170608819016,954.283461135935,1395.3879685085008,1604.0785943891447,89.51821949402623,
2010-06-30,949.2638171267909,902.8643376608449,1304.012358722952,1506.0096675551551,84.16890456821139,
2010-07-31,1015.8282522138871,964.961405262785,1393.941237200541,1614.1322703625317,90.27809602969093,
2010-08-31,960.5757233119273,919.1747743460949,1306.9737429965223,1530.5074491971066,85.64692670798557,
2010-09-30,1072.7884945176247,999.6495397368742,1464.3710152627511,1730.2043479223148,96.92907514855884,
2010-10-31,1132.3525477659402,1036.4926172110474,1550.1761434988407,1839.669111028234,103.07231932563916,
2010-11-30,1128.7544380039233,1034.1187902571512,1544.5007607225657,1833.5036513469865,102.89454968898922,
2010-12-31,1192.52474296817,1101.6467889846945,1640.1051729134465,1920.5577095168237,107.78930045771465,
2011-01-31,1220.6863532599739,1126.5942132621542,1669.2921657650697,1976.0216884098018,110.83734560286993,
2011-02-28,1258.2209106553994,1162.5962930339674,1720.10511253864,2035.841636553969,114.34060049502112,
2011-03-31,1255.005046449644,1161.378690893246,1719.3632571000774,2025.4502270881155,113.82801071713675,
2011-04-30,1292.479443328043,1194.4726187882522,1776.5317088485317,2081.815040041437,117.09840563395122,
2011-05-31,1275.3526633898,1178.3461002273582,1752.8902929385627,2054.5029183358165,115.67134205746233,
2011-06-30,1249.5631814345443,1156.8324914891086,1714.6955298493044,2013.3962597601312,113.32844463963256,
2011-07-31,1249.3454642221236,1131.990178558301,1704.098845633694,2046.0772340736887,115.21559862281039,
2011-08-31,1178.100792725251,1067.7032021268205,1594.720223145286,1940.6043857125255,109.37535991637286,
2011-09-30,1110.31568511072,991.0826976618606,1493.2920570904173,1852.4245492344676,104.46343645613491,
2011-10-31,1229.1231059100269,1097.8451371967724,1659.6042733288255,2043.7132053333087,115.32980778120046,
2011-11-30,1203.0101679224842,1092.2914514160761,1619.9938719571098,1987.530208219437,112.22514009731364,
2011-12-31,1199.0597640372457,1101.6117162260964,1610.6027216962907,1972.488752952773,111.53586527382222,
2012-01-31,1286.823706042137,1149.6233287309249,1739.6229291441266,2137.123206988282,120.92535930521441,
2012-02-29,1357.6706025578617,1196.2859231794312,1834.2441376062595,2271.475598722136,128.67675072362022,
2012-03-31,1416.5504012647345,1233.7683299940254,1911.326162818779,2385.9282468282154,135.17886541791788,
2012-04-30,1400.0161510206701,1224.518210701201,1883.375646010433,2358.572785300401,133.59796207064613,
2012-05-31,1301.5940292593473,1147.8012561500964,1747.9691424362443,2186.4132696493407,124.19244880170766,
2012-06-30,1350.3842029054688,1193.2025144387756,1814.559535596986,2265.0847719654776,128.68998962063586,
2012-07-31,1360.957918564131,1208.2339716557576,1817.3230414412676,2288.300963353075,129.97369780642322,
2012-08-31,1416.3901270112774,1232.1127460873959,1896.1112586939723,2400.6234063448574,136.71309691888342,
2012-09-30,1437.608659870542,1261.974419875989,1926.571858095054,2423.9607378208325,137.92762369029177,
2012-10-31,1375.3129732994078,1237.0006910295806,1840.636773087326,2292.9683450827633,130.64608399796097,
2012-11-30,1388.2087332818937,1240.522081536144,1861.044816219088,2318.9121968896407,132.3558384827019,
2012-12-31,1388.0096164351205,1249.2903781148125,1866.7758947546367,2304.234373301877,131.73781956915568,
2013-01-31,1438.8754357320609,1312.2897138175174,1942.58416248068,2365.370583558153,135.25728307189237,
2013-02-28,1446.9380416701451,1326.8044894200298,1953.7495773763524,2371.475578902095,135.72252098210237,
2013-03-31,1493.8332224278276,1374.5531631645144,2020.10511253864,2440.8467782028442,139.82783580531145,
2013-04-30,1525.2885473700244,1399.413012474621,2057.9845681993816,2500.380894934295,143.37571387179892,
2013-05-31,1573.9015238539394,1428.4687613194521,2136.5749070227976,2582.0574325317557,148.50499454175255,
2013-06-30,1543.894913661064,1407.0427275485558,2104.0185471406494,2519.570499719381,144.94788023566957,
2013-07-31,1637.1625523543537,1476.6379873796882,2241.9598869783617,2675.9524173677733,154.09991769159086,
2013-08-31,1616.2685861899915,1430.4221428867393,2219.3941991885627,2661.7682449254917,153.48975775917293,
2013-09-30,1688.089579584648,1472.9765196970163,2331.6723217735703,2786.802786301313,160.90669056669194,
2013-10-31,1763.9523354093158,1538.6650163935742,2423.313731646059,2924.947941011595,168.8826525860352,
2013-11-30,1821.7406333076735,1581.823756714816,2509.9782952569553,3020.2805394618663,174.87994179705717,
2013-12-31,1872.9291623124234,1619.0959408361057,2582.126642194745,3110.4952334453938,179.99883277344907,
2014-01-31,1831.2520590225758,1561.4838022398983,2537.174579791345,3049.8093345124053,176.5405195466547,
2014-02-28,1919.6328600325164,1628.8103464637863,2663.4436582302937,3200.6407951271767,185.6366403088089,
2014-03-31,1882.5932392561547,1640.1015292203929,2595.9754153786707,3113.733880939034,180.56213148652154,
2014-04-30,1868.97185168389,1650.271452993281,2543.777470537094,3101.8530614860606,179.98542171912501,
2014-05-31,1932.971847097912,1684.977123846669,2622.9490678129832,3235.90228587832,188.05891085367472,
2014-06-30,1992.4470785420494,1717.0899768632069,2725.304590900309,3333.460225637949,193.93352076673355,
2014-07-31,1989.92343648845,1691.196550465877,2701.5579718894896,3370.713445486135,196.22577811229854,
2014-08-31,2081.981988612969,1754.8790564572503,2831.6970754443582,3535.2961031487766,206.05571940149167,
2014-09-30,2054.189933300985,1727.6541483828971,2777.9846285741887,3506.6243795088526,204.49657673800118,
2014-10-31,1708.2684926063896,1767.738248153133,2862.89968122102,3600.8051957575867,209.89933790020766,100.0
2014-11-30,1770.052034307359,1811.1072111676797,2962.3677791731066,3756.3127060664847,219.44205193607246,101.03042319345113
2014-12-31,1742.6765613149848,1803.5212301128504,2928.0060616306027,3668.409821622937,214.52517034535273,98.92052286318223
2015-01-31,1702.9855614217206,1747.5384777834659,2865.6817523183927,3592.3363830870308,210.05813580147233,99.31305811824095
2015-02-28,1817.6559792111573,1843.465252706978,3068.642834717929,3845.4016217417916,225.22550455433552,105.54468233475198
2015-03-31,1783.242743210639,1811.3961337095457,3029.910283037094,3752.7622232668114,219.91248899699602,102.23258704274829
2015-04-30,1806.2578095227836,1826.8307137921215,3054.973676584235,3822.5232695535437,224.13996664624304,102.82142103777403
2015-05-31,1843.9101534590204,1845.9966932162815,3134.4851840224114,3903.9226437027273,229.17959639784934,105.96664995583072
2015-06-30,1805.1811355331588,1807.2092162227548,3083.072715417311,3807.3775872998467,223.48657801368685,104.7595807121969
2015-07-31,1865.2646624190497,1842.8871937649617,3170.4975487828438,3973.7703696338476,233.6725922638359,105.49560764976025
2015-08-31,1739.7011041233886,1727.5578052258943,2953.019947836167,3701.575990531306,217.7256607870929,98.6261162364819
2015-09-30,1692.789051577892,1681.8762856558565,2856.358674652241,3620.592255847655,212.919786228827,92.19825550487916
2015-10-31,1861.2590861192687,1821.4436236147662,3124.420401854714,4025.658073247603,237.12856415123605,97.64476772802254
2015-11-30,1872.51378664313,1822.363214236546,3158.373985703246,4039.2359110066964,238.572258123716,104.02356414544609
2015-12-31,1840.2276511248667,1790.416849894207,3095.771348531685,3977.5457966813983,234.76756439242848,102.63669612461403
2016-01-31,1712.0338194922783,1699.5794744165344,2852.51944068779,3705.550569347184,218.54413106267026,83.97548194721547
2016-02-29,1689.8657902011953,1692.562997972356,2817.898111476043,3637.96327941071,215.12315875606706,85.7814033907994
2016-03-31,1804.6884393281948,1804.2571164685583,3010.726490050232,3882.629049110427,229.86473083807383,95.96481017368414
2016-04-30,1767.6077165782622,1809.1275250314438,2952.30903448609,3759.351990378031,222.5393340714291,94.71069892431858
2016-05-31,1828.6851206193423,1836.8516852701098,3059.072522217929,3917.4662324315987,232.26443155980888,97.77073161726807
2016-06-30,1796.3398784597643,1838.5249124851803,2993.9226719474495,3825.51096890599,226.97340049075163,96.7674384694506
2016-07-31,1907.6116917558343,1903.9944182987842,3191.424966190108,4096.146382892134,243.20385783869241,103.28883355945162
2016-08-31,1921.0690454791777,1901.6729866245007,3223.0109519899534,4131.494341873899,245.75770821436546,103.40923869316975
2016-09-30,1953.5969830207323,1899.3254642395534,3284.080370942813,4222.116430186054,251.19765535518547,111.26499438005668
2016-10-31,1915.1334073250466,1862.429777627483,3208.1237321290573,4157.6635607561875,247.5371950168723,99.91277109563279
2016-11-30,1946.560178898583,1926.0774247185423,3291.301499710201,4165.924765107744,248.61627702589985,100.88092793052716
2016-12-31,1970.5699618775816,1961.1335023704853,3328.0495314914992,4211.65567700469,251.4311523125633,100.57994620866945
2017-01-31,2054.7056579630885,1996.2071164017275,3471.276685664606,4430.871034629245,264.3549325909451,110.81852052891973
2017-02-28,2135.9366421623067,2070.4623482441566,3601.5084645479137,4615.786199900305,275.9206327263124,116.00556539284742
2017-03-31,2166.7468567641117,2069.6565302295367,3654.862586939722,4707.507639799831,281.51323175248734,120.19429509898214
2017-04-30,2215.5701768123026,2088.472209784284,3738.862357515456,4835.062021862166,289.19008766422303,126.26420723538405
2017-05-31,2280.0605457234046,2112.6488888057215,3832.160753960587,5012.815757196575,300.46077903592254,142.2165496182193
2017-06-30,2249.547455381645,2122.8187056494676,3796.2410645285936,4889.954760757244,293.4963272820613,145.22641869085916
2017-07-31,2326.926389433644,2163.892755416963,3924.6492223724886,5092.076469680788,305.41601727495294,148.59748242302834
2017-08-31,2361.674262993812,2165.0751778699446,3974.4421367851623,5185.83297849955,311.7491681789252,171.27185363547795
2017-09-30,2376.7058694608686,2206.8675776138493,4016.0494348918087,5177.779382466993,310.82871191385385,172.0042404178359
2017-10-31,2465.87236250436,2255.8338534990557,4159.301342735704,5410.945511735281,325.14675980147507,178.1343447502843
2017-11-30,2519.8730196886254,2319.1835960003154,4249.749746425812,5512.2617540273495,331.5578291032274,186.61217288642322
2017-12-31,2534.175770765391,2341.9849523964826,4267.938260722565,5538.9848769786595,333.55736737732633,188.4133963519215
2018-01-31,2729.2563306331785,2473.5546321036036,4582.058720537094,6018.349525755978,362.76729789291505,209.55147687630298
2018-02-28,2675.0419639653255,2377.216179983132,4496.45116885626,5935.590338258724,358.0774917919699,207.87464093654245
2018-03-31,2584.2262276583497,2313.305914919155,4366.893474690881,5698.934613355602,343.4720100622504,198.5251252638594
2018-04-30,2590.433332972978,2319.5952731972748,4368.636797237249,5720.098399895086,345.2094560500468,198.62673848523497
2018-05-31,2718.0314769994484,2369.717880824798,4601.001618044823,6033.711272879346,364.79310737227524,220.9335058759987
2018-06-30,2743.771507677066,2381.1930886349023,4643.152893160742,6096.986144800592,368.9700224200463,228.555389369046
2018-07-31,2815.631365440119,2466.9673692356837,4742.992296174652,6262.538768825323,379.2879263841577,226.3704665807825
2018-08-31,2967.4934612700918,2541.6257239437073,5013.625990146831,6628.463441439542,401.21315812080655,252.5389926995702
2018-09-30,2954.5799472890694,2552.5401953328105,4974.55956578439,6605.1694497857625,400.08332413726373,240.54720140512066
2018-10-31,2701.4779732903,2375.385339212654,4516.785101912674,6033.165825360998,365.6932490749557,216.3603508902202
2018-11-30,2711.5827601607493,2417.808193178188,4532.018571290572,6017.500488068501,364.72421001745505,225.86233824902934
2018-12-31,2461.5429497878085,2195.909265276499,4102.182247391808,5481.442700758017,333.1364771897592,195.04405832296078
2019-01-31,2688.0913637015888,2368.693071927224,4501.848676584234,5980.983410956321,363.1546518368066,225.777007203359
2019-02-28,2772.064447555642,2439.111686152275,4656.896312306801,6146.111516137312,374.0173992505304,244.18532393129294
2019-03-31,2856.9629686158123,2482.8309490362344,4778.5593967349305,6389.651718942574,388.69587567900993,245.0769026863101
2019-04-30,2996.279414341527,2580.439719364467,5004.877982515456,6738.361391353639,410.07127140410296,247.64670706996958
2019-05-31,2756.1878861674195,2410.7042486957985,4607.820650598918,6172.46255085905,376.3422804060364,213.6097002772948
2019-06-30,2965.190744488383,2576.8744879096557,4949.7621232612055,6642.777844762175,404.90672430952435,251.63254219935482
2019-07-31,3026.045397347695,2610.7040883020854,5054.355438562597,6796.657046239165,414.3605018798717,254.149911754756
2019-08-31,2957.076398107995,2563.4722031012125,4922.955105293663,6660.0275168230855,406.4896074658427,232.4375578561705
2019-09-30,2979.7625734512776,2607.51567514392,4945.496039412674,6710.642509560692,410.22073837925257,224.93790475985037
2019-10-31,3089.559512479083,2660.7918370292946,5126.652458462133,7000.199032848084,428.18869336218233,231.96554069372027
2019-11-30,3219.194998325059,2751.3839170550646,5357.322860316846,7277.173054390485,445.613492037122,264.4816678257778
2019-12-31,3333.209834857024,2830.045484983807,5547.202231452859,7562.409125939512,462.93158761231757,263.4607442966235
2020-01-31,3403.754454987891,2825.4379082521227,5657.459307380216,7786.204974235599,476.9974250431384,272.6726600283787
2020-02-29,3187.648443672156,2587.7889592987585,5296.673951893354,7327.528431022459,448.10371307161176,278.1471630745975
2020-03-31,2887.5354509676486,2264.0066616855506,4760.494650792118,6766.10648845367,415.45562895004184,231.61382495686263
2020-04-30,3321.9915664951795,2551.1824090868386,5495.857684505409,7793.99853133499,477.66481006486714,291.25439748379193
2020-05-31,3529.639690859982,2666.7045908690534,5866.998526854714,8274.618977887112,509.1949734886353,330.6813852003942
2020-06-30,3729.2730670171404,2715.7410122714555,6218.71377511592,8795.33193117557,541.2063510208326,375.37226550192764
2020-07-31,3991.3002846321824,2865.3819308462507,6643.134176970633,9443.955287309658,580.9662535522508,423.06377448211794
2020-08-31,4395.963031726825,3066.143961377194,7280.037070131375,10487.270387306718,644.5513158757789,501.81242394305343
2020-09-30,4165.822184781801,2945.8653574975374,6904.17914412674,9887.477691718428,607.3052199301006,484.2835106362016
2020-10-31,4049.672749093653,2864.3656762800424,6745.959717928902,9571.310940431198,588.8133213947979,477.9140894333243
2020-11-30,4516.86493220613,3172.4157030791584,7541.725028979907,10623.761652119307,654.9121558726042,591.5101209796768
2020-12-31,4754.326864834716,3290.1804028288107,7968.024898570325,11160.616469330635,687.0188741221914,665.7936793216162
2021-01-31,4790.189262205638,3253.5387798582924,8080.797792697063,11192.74290533387,688.8143371229174,735.0524960160524
2021-02-28,4811.692576738808,3338.428328737608,8156.012123261206,11178.940123326898,687.8948105073114,697.1874978610199
2021-03-31,4869.517169503227,3480.1066618192126,8189.718774149922,11336.54316689234,699.7042509599061,641.5129936947534
2021-04-30,5136.900342207319,3662.552371888863,8632.259466769707,12002.735852702743,741.0555412186775,645.8984784566073
2021-05-31,5073.23370445661,3682.646923982736,8499.99396251932,11851.843927750666,732.1538377048952,599.529870325434
2021-06-30,5362.504585382032,3764.4532779796805,8966.89347469088,12603.740372002343,778.0021523106695,699.4336499265851
2021-07-31,5463.574857427322,3850.0872675460696,9071.208462132921,12954.53754394681,800.2605773019885,641.7804362088209
2021-08-31,5675.17800664631,3961.702900051994,9433.842494204018,13493.686623355472,834.0208320672598,652.6371835528039
2021-09-30,5360.830612051364,3773.2479860564395,8932.661562983,12720.488127960825,786.6221376049923,591.1332456515702
2021-10-31,5767.734700742252,4034.144827503245,9581.693754829985,13725.726762901772,848.4821148354667,648.626043640794
2021-11-30,5802.020388625047,4000.525449804119,9605.990992078825,13972.912584701768,865.4248041839734,565.2481123565535
2021-12-31,5873.03171396887,4175.000020049214,9672.315132341577,14132.386217275875,875.3975327447504,510.05966743293146
2022-01-31,5378.669941753129,3955.456955005554,8803.635167117465,12928.68840550746,798.8263691972012,406.74281193796674
2022-02-28,5161.072173531907,3831.4118790257153,8501.638572256568,12329.242428496726,763.0710866793111,379.99690120120977
2022-03-31,5353.137935414782,3968.47408104427,8791.665861669244,12849.40232337123,798.6904337864916,357.4569772026724
2022-04-30,4664.206000709602,3619.420149994854,7625.743213871715,11131.624031006471,690.1024869672614,254.14012170770778
2022-05-31,4590.624812336056,3619.6126224505756,7469.174434891808,10947.43612909321,679.1534198791078,237.74745536557842
2022-06-30,4185.919502133243,3315.854731414044,6818.3865436630595,9961.655171593653,618.6552758209708,215.0457881744943
2022-07-31,4686.069340315355,3617.983450042036,7660.3959379829985,11212.304598348528,696.3072429506316,243.3554722525799
2022-08-31,4456.607236470886,3464.4357683326675,7305.2242320324585,10626.974295719632,660.5714486400519,225.8304376296222
2022-09-30,3994.8176311663606,3140.8724616024133,6538.250458848532,9500.536376546417,590.9765812691816,203.4522775652568
2022-10-31,4176.540219962112,3391.7132588126324,6793.2923589644515,9876.662609063902,614.6148126558346,206.418060313742
2022-11-30,4386.442998470566,3574.0276598958244,7089.9536321483765,10417.43957447694,648.6899087067009,202.1042171249909
2022-12-31,4013.201449643634,3363.2619804079077,6470.776178516229,9473.293598556309,590.2193645639315,168.45612617379447
2023-01-31,4416.197797534541,3570.953019344818,7162.009152820711,10479.675559148121,653.0358477998554,215.31540855919755
2023-02-28,4370.434103350011,3477.706530296368,7082.250410548686,10427.88341455696,650.6863825807104,213.64377876733766
2023-03-31,4700.007162119051,3599.605752253198,7556.049555641423,11414.400091964988,712.4541523568078,217.52625837883875
2023-04-30,4718.2779584288455,3652.3124095279213,7558.936678902627,11470.375692173628,716.0728301163732,193.6921814236761
2023-05-31,4998.533773885951,3661.3787176255314,7997.088123068006,12343.340344122153,772.5265858227424,218.33509879132328
2023-06-30,5325.255642265127,3898.3704800717496,8524.216335007728,13144.448839354936,821.2254811409416,238.0170757502816
2023-07-31,5531.754216915681,4019.7615747454756,8869.254733384854,13644.786579454083,852.9255638280969,272.0426331659
2023-08-31,5424.970513999285,3948.5459106954536,8676.951917503864,13423.16406468072,840.2766154768389,235.91406163954667
2023-09-30,5136.964924175657,3756.1752515173916,8172.686437403401,12742.67388864903,797.5916569813834,215.69738632707924
2023-10-31,5013.751914431178,3673.6156886437243,7945.125338098918,12478.160594521938,781.1177175521779,190.74023333913408
2023-11-30,5544.565118690896,4001.2260495429446,8795.189939142194,13810.070707994975,865.6253330167933,250.7135637575777
2023-12-31,5845.589973264302,4178.197201397029,9280.58708462133,14570.427085539,913.9874886397696,284.75100612437967
2024-01-31,5927.4217879576845,4244.612602401362,9374.967397604329,14840.006699173737,930.6147857992945,246.90745480970287
2024-02-29,6259.262580031334,4464.146685397089,9948.636736862441,15625.085802607591,979.7824310367951,278.66124425275495
2024-03-31,6360.252156999987,4602.619068941228,10126.40492175425,15807.662731617822,992.2744407857191,272.299621900916
2024-04-30,6075.859747064432,4411.080746205018,9680.259853168469,15102.778789517444,948.8746162828793,236.30473014834615
2024-05-31,6451.803842547333,4622.906093490822,10346.225367078825,16051.827027862682,1007.247650526173,230.8130737781679
2024-06-30,6820.386300189554,4783.181329102504,10962.967301004637,17044.396058586717,1072.4177996195667,238.9690126343461
2024-07-31,6757.368868871459,4837.33324066141,10880.618479520865,16766.911261383724,1054.4214386807516,247.55992411054208
2024-08-31,6831.892195833754,4947.792327566734,10951.23285355487,16950.67549010831,1066.0608565755742,243.69945136327442
2024-09-30,7003.394369046002,5047.722315710965,11245.236427743432,17371.56985622873,1094.0087362947718,258.434509252113
2024-10-31,6948.6136087873065,4997.766303686783,11187.109978748067,17224.12482133059,1084.5495874164026,249.51735275468488
2024-11-30,7349.610783147039,5284.144787404816,11881.403352009274,18124.66966764104,1142.5818879149185,315.2542207651461
2024-12-31,7348.541441585587,5152.09328498354,11938.664026275115,18195.50511869066,1147.7696762461305,308.6751017324857
2025-01-31,7507.818242438431,5291.283804645805,12134.42933732612,18598.935016363095,1172.600475739506,341.842578117627
2025-02-28,7279.266297369846,5215.924850198955,11652.10466576507,18084.871448868093,1140.8995666972705,302.5309553198431
2025-03-31,6723.619566634535,4915.776031565482,10695.078245749613,16694.188308224093,1054.348857159532,258.70639047395235
2025-04-30,6791.466426032566,4878.293517821747,10785.990629829985,16947.539801119106,1069.0762262635958,276.43195512839793
2025-05-31,7389.846074194398,5178.42480007592,11816.859061051005,18480.247327680438,1167.1990057571127,306.50017640752145
2025-06-30,7858.296046285611,5435.310087828924,12593.341866306027,19638.906396224414,1241.734581290185,382.1872997785002
2025-07-31,8079.78918610902,5553.074573720292,13058.701217156104,20105.748584766516,1271.830295588934,409.5912593132489
2025-08-31,8178.346628657948,5658.951960746312,13264.637268160743,20276.601351924972,1283.96311632962,407.5794461280882
2025-09-30,8612.402771242474,5858.847009793373,14009.279607805254,21371.657011554093,1352.9918616075602,469.2383654520855
2025-10-31,8990.557616803466,5991.7659214151,14667.672913446677,22391.868815115027,1417.6701228394043,483.8103112011205
2025-11-30,8859.851481570968,5999.552929257016,14445.55762171561,22025.36360029717,1395.539782885532,433.2434736995157
2025-12-31,8807.008963376895,5996.408357047098,14369.082061437404,21865.12718685244,1386.1906769586897,418.23653458883774
2026-01-31,8801.904555468753,6007.769792250044,14365.150454018547,21827.302727006358,1383.5054361252485,425.7943679435695
