date,^GSPC,^IXIC,^NDX,QQQ,ARKK
1980-01-31,114.16000366210938,161.75,,,
1980-02-29,113.66000366210938,158.02999877929688,,,
1980-03-31,102.08999633789062,131.0,,,
1980-04-30,106.29000091552734,139.99000549316406,,,
1980-05-31,111.23999786376953,150.4499969482422,,,
1980-06-30,114.23999786376953,157.77999877929688,,,
1980-07-31,121.66999816894531,171.80999755859375,,,
1980-08-31,122.37999725341797,181.52000427246094,,,
1980-09-30,125.45999908447266,187.75999450683594,,,
1980-10-31,127.47000122070312,192.77999877929688,,,
1980-11-30,140.52000427246094,208.14999389648438,,,
1980-12-31,135.75999450683594,202.33999633789062,,,
1981-01-31,129.5500030517578,197.80999755859375,,,
1981-02-28,131.27000427246094,198.00999450683594,,,
1981-03-31,136.0,210.17999267578125,,,
1981-04-30,132.80999755859375,216.74000549316406,,,
1981-05-31,132.58999633789062,223.47000122070312,,,
1981-06-30,131.2100067138672,215.75,,,
1981-07-31,130.9199981689453,211.6300048828125,,,
1981-08-31,122.79000091552734,195.75,,,
1981-09-30,116.18000030517578,180.02999877929688,,,
1981-10-31,121.88999938964844,195.24000549316406,,,
1981-11-30,126.3499984741211,201.3699951171875,,,
1981-12-31,122.55000305175781,195.83999633789062,,,
1982-01-31,120.4000015258789,188.38999938964844,,,
1982-02-28,113.11000061035156,179.42999267578125,,,
1982-03-31,111.95999908447266,175.64999389648438,,,
1982-04-30,116.44000244140625,184.6999969482422,,,
1982-05-31,111.87999725341797,178.5399932861328,,,
1982-06-30,109.61000061035156,171.3000030517578,,,
1982-07-31,107.08999633789062,167.35000610351562,,,
1982-08-31,119.51000213623047,177.7100067138672,,,
1982-09-30,120.41999816894531,187.64999389648438,,,
1982-10-31,133.72000122070312,212.6300048828125,,,
1982-11-30,138.52999877929688,232.30999755859375,,,
1982-12-31,140.63999938964844,232.41000366210938,,,
1983-01-31,145.3000030517578,248.35000610351562,,,
1983-02-28,148.05999755859375,260.6700134277344,,,
1983-03-31,152.9600067138672,270.79998779296875,,,
1983-04-30,164.42999267578125,293.05999755859375,,,
1983-05-31,162.38999938964844,308.7300109863281,,,
1983-06-30,167.63999938964844,318.70001220703125,,,
1983-07-31,162.55999755859375,303.9599914550781,,,
1983-08-31,164.39999389648438,292.4200134277344,,,
1983-09-30,166.07000732421875,296.6499938964844,,,
1983-10-31,163.5500030517578,274.54998779296875,,,
1983-11-30,166.39999389648438,285.6700134277344,,,
1983-12-31,164.92999267578125,278.6000061035156,,,
1984-01-31,163.41000366210938,268.42999267578125,,,
1984-02-29,157.05999755859375,252.57000732421875,,,
1984-03-31,159.17999267578125,250.77999877929688,,,
1984-04-30,160.0500030517578,247.44000244140625,,,
1984-05-31,150.5500030517578,232.82000732421875,,,
1984-06-30,153.17999267578125,239.64999389648438,,,
1984-07-31,150.66000366210938,229.6999969482422,,,
1984-08-31,166.67999267578125,254.63999938964844,,,
1984-09-30,166.10000610351562,249.94000244140625,,,
1984-10-31,166.08999633789062,247.0,,,
1984-11-30,163.5800018310547,242.39999389648438,,,
1984-12-31,167.24000549316406,247.10000610351562,,,
1985-01-31,179.6300048828125,278.70001220703125,,,
1985-02-28,181.17999267578125,284.20001220703125,,,
1985-03-31,180.66000366210938,279.20001220703125,,,
1985-04-30,179.8300018310547,280.6000061035156,,,
1985-05-31,189.5500030517578,290.79998779296875,,,
1985-06-30,191.85000610351562,296.20001220703125,,,
1985-07-31,190.9199981689453,301.29998779296875,,,
1985-08-31,188.6300048828125,297.70001220703125,,,
1985-09-30,182.0800018310547,280.29998779296875,,,
1985-10-31,189.82000732421875,292.5,115.4800033569336,,
1985-11-30,202.1699981689453,314.0,126.05999755859375,,
1985-12-31,211.27999877929688,324.8999938964844,132.2949981689453,,
1986-01-31,211.77999877929688,335.79998779296875,132.9250030517578,,
1986-02-28,226.9199981689453,359.5,140.4250030517578,,
1986-03-31,238.89999389648438,374.70001220703125,148.86000061035156,,
1986-04-30,235.52000427246094,383.20001220703125,154.91000366210938,,
1986-05-31,247.35000610351562,400.20001220703125,163.16000366210938,,
1986-06-30,250.83999633789062,405.5,162.61500549316406,,
1986-07-31,236.1199951171875,371.3999938964844,144.7050018310547,,
1986-08-31,252.92999267578125,382.8999938964844,151.6999969482422,,
1986-09-30,231.32000732421875,350.70001220703125,137.4949951171875,,
1986-10-31,243.97999572753906,360.79998779296875,144.47999572753906,,
1986-11-30,249.22000122070312,359.6000061035156,147.94000244140625,,
1986-12-31,242.1699981689453,348.79998779296875,141.40499877929688,,
1987-01-31,274.0799865722656,392.1000061035156,166.6750030517578,,
1987-02-28,284.20001220703125,425.0,182.75,,
1987-03-31,291.70001220703125,430.1000061035156,186.0399932861328,,
1987-04-30,288.3599853515625,417.79998779296875,184.8300018310547,,
1987-05-31,290.1000061035156,416.5,188.77000427246094,,
1987-06-30,304.0,424.70001220703125,189.24000549316406,,
1987-07-31,318.6600036621094,434.8999938964844,196.35000610351562,,
1987-08-31,329.79998779296875,455.0,209.5749969482422,,
1987-09-30,321.8299865722656,444.29998779296875,205.5050048828125,,
1987-10-31,251.7899932861328,323.29998779296875,150.07000732421875,,
1987-11-30,230.3000030517578,305.20001220703125,137.125,,
1987-12-31,247.0800018310547,330.5,156.25,,
1988-01-31,257.07000732421875,344.70001220703125,159.1300048828125,,
1988-02-29,267.82000732421875,367.0,172.63999938964844,,
1988-03-31,258.8900146484375,374.6000061035156,173.25999450683594,,
1988-04-30,261.3299865722656,379.20001220703125,175.9199981689453,,
1988-05-31,262.1600036621094,370.29998779296875,173.34500122070312,,
1988-06-30,273.5,394.70001220703125,189.02499389648438,,
1988-07-31,272.0199890136719,387.29998779296875,181.16000366210938,,
1988-08-31,261.5199890136719,376.6000061035156,170.9949951171875,,
1988-09-30,271.9100036621094,387.70001220703125,179.36500549316406,,
1988-10-31,278.9700012207031,382.5,174.77999877929688,,
1988-11-30,273.70001220703125,371.5,169.18499755859375,,
1988-12-31,277.7200012207031,381.3999938964844,177.41000366210938,,
1989-01-31,297.4700012207031,401.29998779296875,186.47000122070312,,
1989-02-28,288.8599853515625,399.70001220703125,183.7899932861328,,
1989-03-31,294.8699951171875,406.70001220703125,185.8699951171875,,
1989-04-30,309.6400146484375,427.6000061035156,200.47000122070312,,
1989-05-31,320.5199890136719,446.20001220703125,214.5449981689453,,
1989-06-30,317.9800109863281,435.29998779296875,204.5850067138672,,
1989-07-31,346.0799865722656,453.79998779296875,214.27499389648438,,
1989-08-31,351.45001220703125,469.29998779296875,222.0050048828125,,
1989-09-30,349.1499938964844,472.8999938964844,226.38999938964844,,
1989-10-31,340.3599853515625,455.6000061035156,222.61500549316406,,
1989-11-30,345.989990234375,456.1000061035156,224.44500732421875,,
1989-12-31,353.3999938964844,454.79998779296875,223.8350067138672,,
1990-01-31,329.0799865722656,415.79998779296875,201.94000244140625,,
1990-02-28,331.8900146484375,425.79998779296875,207.9149932861328,,
1990-03-31,339.94000244140625,435.5,213.14500427246094,,
1990-04-30,330.79998779296875,420.1000061035156,205.81500244140625,,
1990-05-31,361.2300109863281,459.0,236.14999389648438,,
1990-06-30,358.0199890136719,462.29998779296875,238.4600067138672,,
1990-07-31,356.1499938964844,438.20001220703125,223.38499450683594,,
1990-08-31,322.55999755859375,381.20001220703125,193.61500549316406,,
1990-09-30,306.04998779296875,344.5,177.05499267578125,,
1990-10-31,304.0,329.79998779296875,172.55499267578125,,
1990-11-30,322.2200012207031,359.1000061035156,192.5800018310547,,
1990-12-31,330.2200012207031,373.79998779296875,200.52999877929688,,
1991-01-31,343.92999267578125,414.20001220703125,232.4250030517578,,
1991-02-28,367.07000732421875,453.1000061035156,250.11500549316406,,
1991-03-31,375.2200012207031,482.29998779296875,264.9049987792969,,
1991-04-30,375.3399963378906,484.7200012207031,263.6549987792969,,
1991-05-31,389.8299865722656,506.1099853515625,279.0,,
1991-06-30,371.1600036621094,475.9200134277344,254.19500732421875,,
1991-07-31,387.80999755859375,502.0400085449219,272.1549987792969,,
1991-08-31,395.42999267578125,525.6799926757812,287.4049987792969,,
1991-09-30,387.8599853515625,526.8800048828125,287.5350036621094,,
1991-10-31,392.45001220703125,542.97998046875,292.5050048828125,,
1991-11-30,375.2200012207031,523.9000244140625,284.7900085449219,,
1991-12-31,417.0899963378906,586.3400268554688,330.8550109863281,,
1992-01-31,408.7799987792969,620.2100219726562,338.31500244140625,,
1992-02-29,412.70001220703125,633.469970703125,345.8800048828125,,
1992-03-31,403.69000244140625,603.77001953125,323.04998779296875,,
1992-04-30,414.95001220703125,578.6799926757812,307.8599853515625,,
1992-05-31,415.3500061035156,585.3099975585938,315.2950134277344,,
1992-06-30,408.1400146484375,563.5999755859375,301.2300109863281,,
1992-07-31,424.2099914550781,580.8300170898438,310.8949890136719,,
1992-08-31,414.0299987792969,563.1199951171875,299.260009765625,,
1992-09-30,417.79998779296875,583.27001953125,313.18499755859375,,
1992-10-31,418.67999267578125,605.1699829101562,329.1549987792969,,
1992-11-30,431.3500061035156,652.72998046875,350.9599914550781,,
1992-12-31,435.7099914550781,676.9500122070312,360.18499755859375,,
1993-01-31,438.7799987792969,696.3400268554688,370.55999755859375,,
1993-02-28,443.3800048828125,670.77001953125,351.1400146484375,,
1993-03-31,451.6700134277344,690.1300048828125,359.4200134277344,,
1993-04-30,440.19000244140625,661.4199829101562,339.94500732421875,,
1993-05-31,450.19000244140625,700.530029296875,368.1099853515625,,
1993-06-30,450.5299987792969,703.9500122070312,366.125,,
1993-07-31,448.1300048828125,704.7000122070312,352.864990234375,,
1993-08-31,463.55999755859375,742.8400268554688,372.6499938964844,,
1993-09-30,458.92999267578125,762.780029296875,382.7149963378906,,
1993-10-31,467.8299865722656,779.260009765625,390.9849853515625,,
1993-11-30,461.7900085449219,754.3900146484375,386.760009765625,,
1993-12-31,466.45001220703125,776.7999877929688,398.2799987792969,,
1994-01-31,481.6099853515625,800.469970703125,413.989990234375,,
1994-02-28,467.1400146484375,792.5,412.1700134277344,,
1994-03-31,445.7699890136719,743.4600219726562,382.9599914550781,,
1994-04-30,450.9100036621094,733.8400268554688,373.25,,
1994-05-31,456.5,735.1900024414062,378.8500061035156,,
1994-06-30,444.2699890136719,705.9600219726562,360.29998779296875,,
1994-07-31,458.260009765625,722.1599731445312,370.1600036621094,,
1994-08-31,475.489990234375,765.6199951171875,397.8999938964844,,
1994-09-30,462.7099914550781,764.2899780273438,393.8500061035156,,
1994-10-31,472.3500061035156,777.489990234375,413.04998779296875,,
1994-11-30,453.69000244140625,750.3200073242188,404.82000732421875,,
1994-12-31,459.2699890136719,751.9600219726562,404.2699890136719,,
1995-01-31,470.4200134277344,755.2000122070312,405.3299865722656,,
1995-02-28,487.3900146484375,793.72998046875,432.5,,
1995-03-31,500.7099914550781,817.2100219726562,447.1499938964844,,
1995-04-30,514.7100219726562,843.97998046875,469.55999755859375,,
1995-05-31,533.4000244140625,864.5800170898438,488.1000061035156,,
1995-06-30,544.75,933.4500122070312,538.030029296875,,
1995-07-31,562.0599975585938,1001.2100219726562,568.8800048828125,,
1995-08-31,561.8800048828125,1020.1099853515625,576.77001953125,,
1995-09-30,584.4099731445312,1043.5400390625,585.0800170898438,,
1995-10-31,581.5,1036.06005859375,598.780029296875,,
1995-11-30,605.3699951171875,1059.199951171875,593.719970703125,,
1995-12-31,615.9299926757812,1052.1300048828125,576.22998046875,,
1996-01-31,636.02001953125,1059.7900390625,591.8200073242188,,
1996-02-29,640.4299926757812,1100.050048828125,622.8300170898438,,
1996-03-31,645.5,1101.4000244140625,609.6900024414062,,
1996-04-30,654.1699829101562,1190.52001953125,666.72998046875,,
1996-05-31,669.1199951171875,1243.4300537109375,692.3900146484375,,
1996-06-30,670.6300048828125,1185.02001953125,677.2999877929688,,
1996-07-31,639.9500122070312,1080.5899658203125,636.010009765625,,
1996-08-31,651.989990234375,1141.5,663.5700073242188,,
1996-09-30,687.3300170898438,1226.9200439453125,737.5700073242188,,
1996-10-31,705.27001953125,1221.510009765625,751.989990234375,,
1996-11-30,757.02001953125,1292.6099853515625,834.010009765625,,
1996-12-31,740.739990234375,1291.030029296875,821.3599853515625,,
1997-01-31,786.1599731445312,1379.8499755859375,921.5499877929688,,
1997-02-28,790.8200073242188,1309.0,850.4600219726562,,
1997-03-31,757.1199951171875,1221.699951171875,797.0599975585938,,
1997-04-30,801.3400268554688,1260.760009765625,874.739990234375,,
1997-05-31,848.280029296875,1400.3199462890625,958.8499755859375,,
1997-06-30,885.1400146484375,1442.0699462890625,957.2999877929688,,
1997-07-31,954.3099975585938,1593.81005859375,1107.030029296875,,
1997-08-31,899.469970703125,1587.3199462890625,1074.050048828125,,
1997-09-30,947.280029296875,1685.68994140625,1097.1600341796875,,
1997-10-31,914.6199951171875,1593.6099853515625,1019.6199951171875,,
1997-11-30,955.4000244140625,1600.550048828125,1050.510009765625,,
1997-12-31,970.4299926757812,1570.3499755859375,990.8300170898438,,
1998-01-31,980.280029296875,1619.3599853515625,1071.1300048828125,,
1998-02-28,1049.3399658203125,1770.510009765625,1194.1300048828125,,
1998-03-31,1101.75,1835.6800537109375,1220.6600341796875,,
1998-04-30,1111.75,1868.4100341796875,1248.1199951171875,,
1998-05-31,1090.8199462890625,1778.8699951171875,1192.0699462890625,,
1998-06-30,1133.8399658203125,1894.739990234375,1337.3399658203125,,
1998-07-31,1120.6700439453125,1872.3900146484375,1377.260009765625,,
1998-08-31,957.280029296875,1499.25,1140.3399658203125,,
1998-09-30,1017.010009765625,1693.8399658203125,1345.47998046875,,
1998-10-31,1098.6700439453125,1771.3900146484375,1400.52001953125,,
1998-11-30,1163.6300048828125,1949.5400390625,1557.9599609375,,
1998-12-31,1229.22998046875,2192.68994140625,1836.010009765625,,
1999-01-31,1279.6400146484375,2505.889892578125,2127.18994140625,,
1999-02-28,1238.3299560546875,2288.030029296875,1925.280029296875,,
1999-03-31,1286.3699951171875,2461.39990234375,2106.389892578125,44.37349319458008,
1999-04-30,1335.1800537109375,2542.860107421875,2136.389892578125,45.43064880371094,
1999-05-31,1301.8399658203125,2470.52001953125,2089.699951171875,44.0035285949707,
1999-06-30,1372.7099609375,2686.1201171875,2296.77001953125,48.734214782714844,
1999-07-31,1328.719970703125,2638.489990234375,2270.929931640625,47.86207962036133,
1999-08-31,1320.4100341796875,2739.35009765625,2396.8701171875,50.47848892211914,
1999-09-30,1282.7099609375,2746.159912109375,2407.89990234375,50.90134811401367,
1999-10-31,1362.9300537109375,2966.429931640625,2637.43994140625,55.60565185546875,
1999-11-30,1388.9100341796875,3336.159912109375,2966.7099609375,62.159889221191406,
1999-12-31,1469.25,4069.31005859375,3707.830078125,77.27704620361328,
2000-01-31,1394.4599609375,3940.35009765625,3570.050048828125,75.84989929199219,
2000-02-29,1366.4200439453125,4696.68994140625,4266.93994140625,90.27985382080078,
2000-03-31,1498.5799560546875,4572.830078125,4397.83984375,92.6055679321289,
2000-04-30,1452.4300537109375,3860.659912109375,3773.179931640625,80.13131713867188,
2000-05-31,1420.5999755859375,3400.909912109375,3324.080078125,70.29985809326172,
2000-06-30,1454.5999755859375,3966.110107421875,3763.7900390625,79.02130126953125,
2000-07-31,1430.8299560546875,3766.989990234375,3609.35009765625,75.63845825195312,
2000-08-31,1517.6800537109375,4206.35009765625,4077.590087890625,85.94558715820312,
2000-09-30,1436.510009765625,3672.820068359375,3570.610107421875,75.05704498291016,
2000-10-31,1429.4000244140625,3369.6298828125,3282.300048828125,69.097412109375,
2000-11-30,1314.949951171875,2597.929931640625,2506.5400390625,53.266700744628906,
2000-12-31,1320.280029296875,2470.52001953125,2341.699951171875,49.36850357055664,
2001-01-31,1366.010009765625,2772.72998046875,2593.0,54.37934494018555,
2001-02-28,1239.93994140625,2151.830078125,1908.3199462890625,40.129085540771484,
2001-03-31,1160.3299560546875,1840.260009765625,1573.25,33.10966491699219,
2001-04-30,1249.4599609375,2116.239990234375,1855.1500244140625,39.02965545654297,
2001-05-31,1255.8199462890625,2110.489990234375,1799.8900146484375,37.8287353515625,
2001-06-30,1224.3800048828125,2160.5400390625,1830.18994140625,38.64907455444336,
2001-07-31,1211.22998046875,2027.1300048828125,1683.6099853515625,35.31696319580078,
2001-08-31,1133.5799560546875,1805.4300537109375,1469.699951171875,30.97846221923828,
2001-09-30,1040.93994140625,1498.800048828125,1168.3699951171875,24.508764266967773,
2001-10-31,1059.780029296875,1690.199951171875,1364.780029296875,28.669675827026367,
2001-11-30,1139.449951171875,1930.5799560546875,1596.050048828125,33.53250503540039,
2001-12-31,1148.0799560546875,1950.4000244140625,1577.050048828125,32.90669631958008,
2002-01-31,1130.199951171875,1934.030029296875,1550.1700439453125,32.56839370727539,
2002-02-28,1106.72998046875,1731.489990234375,1359.219970703125,28.568178176879883,
2002-03-31,1147.3900146484375,1845.3499755859375,1452.81005859375,30.496400833129883,
2002-04-30,1076.9200439453125,1688.22998046875,1277.0699462890625,26.834474563598633,
2002-05-31,1067.1400146484375,1615.72998046875,1208.3399658203125,25.40522003173828,
2002-06-30,989.8200073242188,1463.2099609375,1051.4100341796875,22.07311248779297,
2002-07-31,911.6199951171875,1328.260009765625,962.0999755859375,20.170257568359375,
2002-08-31,916.0700073242188,1314.8499755859375,942.3800048828125,19.865798950195312,
2002-09-30,815.280029296875,1172.06005859375,832.52001953125,17.523170471191406,
2002-10-31,885.760009765625,1329.75,989.5399780273438,20.762252807617188,
2002-11-30,936.3099975585938,1478.780029296875,1116.0999755859375,23.443159103393555,
2002-12-31,879.8200073242188,1335.510009765625,984.3699951171875,20.61003303527832,
2003-01-31,855.7000122070312,1320.9100341796875,983.0499877929688,20.669227600097656,
2003-02-28,841.1500244140625,1337.52001953125,1009.739990234375,21.278135299682617,
2003-03-31,848.1799926757812,1341.1700439453125,1018.6599731445312,21.3542537689209,
2003-04-30,916.9199829101562,1464.31005859375,1106.06005859375,23.21482276916504,
2003-05-31,963.5900268554688,1595.9100341796875,1197.8900146484375,25.19379234313965,
2003-06-30,974.5,1622.800048828125,1201.68994140625,25.329105377197266,
2003-07-31,990.3099975585938,1735.02001953125,1276.93994140625,26.89366912841797,
2003-08-31,1008.010009765625,1810.449951171875,1341.199951171875,28.238361358642578,
2003-09-30,995.969970703125,1786.93994140625,1303.699951171875,27.41800880432129,
2003-10-31,1050.7099609375,1932.2099609375,1416.3900146484375,29.75218963623047,
2003-11-30,1058.199951171875,1960.260009765625,1424.25,29.92131233215332,
2003-12-31,1111.9200439453125,2003.3699951171875,1467.9200439453125,30.846738815307617,
2004-01-31,1131.1300048828125,2066.14990234375,1493.0799560546875,31.36284637451172,
2004-02-29,1144.93994140625,2029.8199462890625,1470.3800048828125,30.93980598449707,
2004-03-31,1126.2099609375,1994.219970703125,1438.4100341796875,30.322187423706055,
2004-04-30,1107.300048828125,1920.1500244140625,1401.3599853515625,29.41693115234375,
2004-05-31,1120.6800537109375,1986.739990234375,1466.219970703125,30.922893524169922,
2004-06-30,1140.8399658203125,2047.7900390625,1516.6400146484375,31.929698944091797,
2004-07-31,1101.719970703125,1887.3599853515625,1400.3900146484375,29.518451690673828,
2004-08-31,1104.239990234375,1838.0999755859375,1368.6800537109375,28.782392501831055,
2004-09-30,1114.5799560546875,1896.8399658203125,1412.739990234375,29.72995948791504,
2004-10-31,1130.199951171875,1974.989990234375,1486.719970703125,31.219005584716797,
2004-11-30,1173.8199462890625,2096.81005859375,1571.5,33.09720993041992,
2004-12-31,1211.9200439453125,2175.43994140625,1621.1199951171875,34.097537994384766,
2005-01-31,1181.27001953125,2062.409912109375,1519.6300048828125,31.945085525512695,
2005-02-28,1203.5999755859375,2051.719970703125,1511.02001953125,31.791336059570312,
2005-03-31,1180.5899658203125,1999.22998046875,1482.530029296875,31.23613739013672,
2005-04-30,1156.8499755859375,1921.6500244140625,1420.7900390625,29.8780460357666,
2005-05-31,1191.5,2068.219970703125,1542.6300048828125,32.525882720947266,
2005-06-30,1191.3299560546875,2056.9599609375,1493.52001953125,31.444551467895508,
2005-07-31,1234.1800537109375,2184.830078125,1605.1400146484375,33.83837127685547,
2005-08-31,1220.3299560546875,2152.090087890625,1581.7099609375,33.32540512084961,
2005-09-30,1228.81005859375,2151.68994140625,1601.6600341796875,33.735782623291016,
2005-10-31,1207.010009765625,2120.300048828125,1579.1800537109375,33.231388092041016,
2005-11-30,1249.47998046875,2232.820068359375,1672.56005859375,35.25756072998047,
2005-12-31,1248.2900390625,2205.320068359375,1645.199951171875,34.63129806518555,
2006-01-31,1280.0799560546875,2305.820068359375,1710.75,35.993953704833984,
2006-02-28,1280.6600341796875,2281.389892578125,1670.5699462890625,35.22263717651367,
2006-03-31,1294.8699951171875,2339.7900390625,1703.6600341796875,35.959144592285156,
2006-04-30,1310.6099853515625,2322.570068359375,1700.7099609375,35.89054870605469,
2006-05-31,1270.0899658203125,2178.8798828125,1579.5799560546875,33.292015075683594,
2006-06-30,1270.199951171875,2172.090087890625,1575.22998046875,33.27151870727539,
2006-07-31,1276.6600341796875,2091.469970703125,1509.4300537109375,31.83837127685547,
2006-08-31,1303.8199462890625,2183.75,1579.72998046875,33.35735321044922,
2006-09-30,1335.8499755859375,2258.429931640625,1654.1300048828125,34.904964447021484,
2006-10-31,1377.93994140625,2366.7099609375,1732.5400390625,36.56220626831055,
2006-11-30,1400.6300048828125,2431.77001953125,1791.25,37.815860748291016,
2006-12-31,1418.300048828125,2415.2900390625,1756.9000244140625,37.10538864135742,
2007-01-31,1438.239990234375,2463.929931640625,1792.280029296875,37.88774871826172,
2007-02-28,1406.8199462890625,2416.14990234375,1761.5999755859375,37.25156021118164,
2007-03-31,1420.8599853515625,2421.639892578125,1772.3599853515625,37.447059631347656,
2007-04-30,1482.3699951171875,2525.090087890625,1867.75,39.53749084472656,
2007-05-31,1530.6199951171875,2604.52001953125,1928.18994140625,40.784873962402344,
2007-06-30,1503.3499755859375,2603.22998046875,1934.0999755859375,40.98031234741211,
2007-07-31,1455.27001953125,2546.27001953125,1932.06005859375,40.92005157470703,
2007-08-31,1473.989990234375,2596.360107421875,1988.72998046875,42.0737190246582,
2007-09-30,1526.75,2701.5,2091.110107421875,44.28348159790039,
2007-10-31,1549.3800048828125,2859.1201171875,2238.97998046875,47.401695251464844,
2007-11-30,1481.1400146484375,2660.9599609375,2089.10009765625,44.19736862182617,
2007-12-31,1468.3599853515625,2652.280029296875,2084.929931640625,44.165809631347656,
2008-01-31,1378.550048828125,2389.860107421875,1841.4200439453125,38.914554595947266,
2008-02-29,1330.6300048828125,2271.47998046875,1745.27001953125,37.03477478027344,
2008-03-31,1322.699951171875,2279.10009765625,1781.9300537109375,37.72820281982422,
2008-04-30,1385.5899658203125,2412.800048828125,1917.699951171875,40.739898681640625,
2008-05-31,1400.3800048828125,2522.659912109375,2032.5699462890625,43.156166076660156,
2008-06-30,1280.0,2292.97998046875,1837.0899658203125,39.00668716430664,
2008-07-31,1267.3800048828125,2325.550048828125,1849.1500244140625,39.257110595703125,
2008-08-31,1282.8299560546875,2367.52001953125,1872.5400390625,39.827049255371094,
2008-09-30,1166.3599853515625,2091.8798828125,1594.6300048828125,33.623477935791016,
2008-10-31,968.75,1720.949951171875,1334.780029296875,28.42139434814453,
2008-11-30,896.239990234375,1535.5699462890625,1185.75,25.163604736328125,
2008-12-31,903.25,1577.030029296875,1211.6500244140625,25.736682891845703,
2009-01-31,825.8800048828125,1476.4200439453125,1180.25,25.148212432861328,
2009-02-28,735.0900268554688,1377.8399658203125,1116.989990234375,23.824174880981445,
2009-03-31,797.8699951171875,1528.5899658203125,1237.010009765625,26.281993865966797,
2009-04-30,872.8099975585938,1717.300048828125,1394.3299560546875,29.714597702026367,
2009-05-31,919.1400146484375,1774.3299560546875,1435.5699462890625,30.6680965423584,
2009-06-30,919.3200073242188,1835.0400390625,1477.25,31.573726654052734,
2009-07-31,987.47998046875,1978.5,1603.3599853515625,34.23813247680664,
2009-08-31,1020.6199951171875,2009.06005859375,1625.18994140625,34.74150085449219,
2009-09-30,1057.0799560546875,2122.419921875,1718.989990234375,36.703697204589844,
2009-10-31,1036.18994140625,2045.1099853515625,1667.1300048828125,35.583030700683594,
2009-11-30,1095.6300048828125,2144.60009765625,1767.4300537109375,37.84171676635742,
2009-12-31,1115.0999755859375,2269.14990234375,1860.31005859375,39.8105583190918,
2010-01-31,1073.8699951171875,2147.35009765625,1741.0400390625,37.23481369018555,
2010-02-28,1104.489990234375,2238.260009765625,1818.6800537109375,38.94906234741211,
2010-03-31,1169.4300537109375,2397.9599609375,1958.3399658203125,41.952415466308594,
2010-04-30,1186.68994140625,2461.18994140625,2000.6300048828125,42.89320373535156,
2010-05-31,1089.4100341796875,2257.0400390625,1852.3900146484375,39.72238540649414,
2010-06-30,1030.7099609375,2109.239990234375,1739.1400146484375,37.34870910644531,
2010-07-31,1101.5999755859375,2254.699951171875,1864.0,40.05955505371094,
2010-08-31,1049.3299560546875,2114.030029296875,1767.4300537109375,38.004547119140625,
2010-09-30,1141.199951171875,2368.6201171875,1998.0400390625,43.010833740234375,
2010-10-31,1183.260009765625,2507.409912109375,2124.449951171875,45.73680114746094,
2010-11-30,1180.550048828125,2498.22998046875,2117.330078125,45.657901763916016,
2010-12-31,1257.6400146484375,2652.8701171875,2217.860107421875,47.82990264892578,
2011-01-31,1286.1199951171875,2700.080078125,2281.909912109375,49.18242645263672,
2011-02-28,1327.219970703125,2782.27001953125,2350.989990234375,50.736942291259766,
2011-03-31,1325.8299560546875,2781.070068359375,2338.989990234375,50.50949478149414,
2011-04-30,1363.6099853515625,2873.5400390625,2404.080078125,51.960670471191406,
2011-05-31,1345.199951171875,2835.300048828125,2372.5400390625,51.32743835449219,
2011-06-30,1320.6400146484375,2773.52001953125,2325.070068359375,50.28781509399414,
2011-07-31,1292.280029296875,2756.3798828125,2362.81005859375,51.12521743774414,
2011-08-31,1218.8900146484375,2579.4599609375,2241.010009765625,48.53369140625,
2011-09-30,1131.4200439453125,2415.39990234375,2139.179931640625,46.354122161865234,
2011-10-31,1253.300048828125,2684.409912109375,2360.080078125,51.175865173339844,
2011-11-30,1246.9599609375,2620.340087890625,2295.199951171875,49.798213958740234,
2011-12-31,1257.5999755859375,2605.14990234375,2277.830078125,49.49237060546875,
2012-01-31,1312.4100341796875,2813.840087890625,2467.949951171875,53.65884017944336,
2012-02-29,1365.6800537109375,2966.889892578125,2623.10009765625,57.098388671875,
2012-03-31,1408.469970703125,3091.570068359375,2755.27001953125,59.9836311340332,
2012-04-30,1397.9100341796875,3046.360107421875,2723.679931640625,59.28211212158203,
2012-05-31,1310.3299560546875,2827.340087890625,2524.8701171875,55.10854721069336,
2012-06-30,1362.1600341796875,2935.050048828125,2615.719970703125,57.104286193847656,
2012-07-31,1379.3199462890625,2939.52001953125,2642.530029296875,57.67390441894531,
2012-08-31,1406.5799560546875,3066.9599609375,2772.239990234375,60.66437911987305,
2012-09-30,1440.6700439453125,3116.22998046875,2799.18994140625,61.20334243774414,
2012-10-31,1412.1600341796875,2977.22998046875,2647.919921875,57.97224807739258,
2012-11-30,1416.1800537109375,3010.239990234375,2677.8798828125,58.73093795776367,
2012-12-31,1426.18994140625,3019.510009765625,2660.929931640625,58.45669174194336,
2013-01-31,1498.1099853515625,3142.1298828125,2731.530029296875,60.01842498779297,
2013-02-28,1514.6800537109375,3160.18994140625,2738.580078125,60.22484588623047,
2013-03-31,1569.18994140625,3267.52001953125,2818.68994140625,62.04650115966797,
2013-04-30,1597.5699462890625,3328.7900390625,2887.43994140625,63.62082290649414,
2013-05-31,1630.739990234375,3455.909912109375,2981.760009765625,65.8968734741211,
2013-06-30,1606.280029296875,3403.25,2909.60009765625,64.3184814453125,
2013-07-31,1685.72998046875,3626.3701171875,3090.18994140625,68.37954711914062,
2013-08-31,1632.969970703125,3589.8701171875,3073.81005859375,68.10880279541016,
2013-09-30,1681.550048828125,3771.47998046875,3218.199951171875,71.39993286132812,
2013-10-31,1756.5400390625,3919.7099609375,3377.72998046875,74.93916320800781,
2013-11-30,1805.81005859375,4059.889892578125,3487.820068359375,77.60037994384766,
2013-12-31,1848.3599853515625,4176.58984375,3592.0,79.871826171875,
2014-01-31,1782.5899658203125,4103.8798828125,3521.919921875,78.33721923828125,
2014-02-28,1859.449951171875,4308.1201171875,3696.10009765625,82.37349700927734,
2014-03-31,1872.3399658203125,4198.990234375,3595.739990234375,80.12174987792969,
2014-04-30,1883.949951171875,4114.56005859375,3582.02001953125,79.86585998535156,
2014-05-31,1923.5699462890625,4242.6201171875,3736.820068359375,83.4483413696289,
2014-06-30,1960.22998046875,4408.18017578125,3849.47998046875,86.05510711669922,
2014-07-31,1930.6700439453125,4369.77001953125,3892.5,87.072265625,
2014-08-31,2003.3699951171875,4580.27001953125,4082.56005859375,91.43413543701172,
2014-09-30,1972.2900390625,4493.39013671875,4049.449951171875,90.7422866821289,
2014-10-31,2018.050048828125,4630.740234375,4158.2099609375,93.13969421386719,18.391508102416992
2014-11-30,2067.56005859375,4791.6298828125,4337.7900390625,97.37413787841797,18.581018447875977
2014-12-31,2058.89990234375,4736.0498046875,4236.27978515625,95.1923599243164,18.192974090576172
2015-01-31,1994.989990234375,4635.240234375,4148.43017578125,93.21012878417969,18.265169143676758
2015-02-28,2104.5,4963.52978515625,4440.669921875,99.9404525756836,19.4112548828125
2015-03-31,2067.889892578125,4900.8798828125,4333.68994140625,97.58287811279297,18.802114486694336
2015-04-30,2085.510009765625,4941.419921875,4414.25,99.45878601074219,18.9104061126709
2015-05-31,2107.389892578125,5070.02978515625,4508.25,101.69503021240234,19.488862991333008
2015-06-30,2063.110107421875,4986.8701171875,4396.759765625,99.16883850097656,19.26686668395996
2015-07-31,2103.840087890625,5128.27978515625,4588.91015625,103.6887435913086,19.40222930908203
2015-08-31,1972.1800537109375,4776.509765625,4274.580078125,96.61251831054688,18.138830184936523
2015-09-30,1920.030029296875,4620.16015625,4181.06005859375,94.47998046875,16.956647872924805
2015-10-31,2079.360107421875,5053.75,4648.830078125,105.22223663330078,17.958345413208008
2015-11-30,2080.409912109375,5108.669921875,4664.509765625,105.86289978027344,19.13150405883789
2015-12-31,2043.93994140625,5007.41015625,4593.27001953125,104.17462158203125,18.876434326171875
2016-01-31,1940.239990234375,4613.9501953125,4279.169921875,96.97569274902344,15.444355010986328
2016-02-29,1932.22998046875,4557.9501953125,4201.1201171875,95.45771026611328,15.776494026184082
2016-03-31,2059.739990234375,4869.85009765625,4483.66015625,101.99907684326172,17.64937400817871
2016-04-30,2065.300048828125,4775.35986328125,4341.2998046875,98.74851989746094,17.41872215270996
2016-05-31,2096.949951171875,4948.0498046875,4523.89013671875,103.06388854980469,17.981508255004883
2016-06-30,2098.860107421875,4842.669921875,4417.7001953125,100.71607208251953,17.7969913482666
2016-07-31,2173.60009765625,5162.1298828125,4730.22998046875,107.91812133789062,18.996374130249023
2016-08-31,2170.949951171875,5213.22021484375,4771.0498046875,109.05130004882812,19.018516540527344
2016-09-30,2168.27001953125,5312.0,4875.7001953125,111.46520233154297,20.46331024169922
2016-10-31,2126.14990234375,5189.14013671875,4801.27001953125,109.84089660644531,18.375463485717773
2016-11-30,2198.81005859375,5323.68017578125,4810.81005859375,110.31975555419922,18.553524017333984
2016-12-31,2238.830078125,5383.1201171875,4863.6201171875,111.56881713867188,18.498167037963867
2017-01-31,2278.8701171875,5614.7900390625,5116.77001953125,117.3035888671875,20.38119888305664
2017-02-28,2363.639892578125,5825.43994140625,5330.31005859375,122.43567657470703,21.33517074584961
2017-03-31,2362.719970703125,5911.740234375,5436.22998046875,124.91734313964844,22.105541229248047
2017-04-30,2384.199951171875,6047.60986328125,5583.52978515625,128.32382202148438,23.22188949584961
2017-05-31,2411.800048828125,6198.52001953125,5788.7998046875,133.3250274658203,26.155763626098633
2017-06-30,2423.409912109375,6140.419921875,5646.919921875,130.23460388183594,26.70932388305664
2017-07-31,2470.300048828125,6348.1201171875,5880.330078125,135.52381896972656,27.329313278198242
2017-08-31,2471.64990234375,6428.66015625,5988.60009765625,138.33404541015625,31.49947166442871
2017-09-30,2519.360107421875,6495.9599609375,5979.2998046875,137.9256591796875,31.634170532226562
2017-10-31,2575.260009765625,6727.669921875,6248.56005859375,144.279052734375,32.76158905029297
2017-11-30,2647.580078125,6873.97021484375,6365.56005859375,147.12380981445312,34.32079315185547
2017-12-31,2673.610107421875,6903.39013671875,6396.419921875,148.0111541748047,34.65205764770508
2018-01-31,2823.81005859375,7411.47998046875,6949.990234375,160.97259521484375,38.539669036865234
2018-02-28,2713.830078125,7273.009765625,6854.419921875,158.8915557861328,38.23127365112305
2018-03-31,2640.8701171875,7063.4501953125,6581.1298828125,152.41065979003906,36.51176071166992
2018-04-30,2648.050048828125,7066.27001953125,6605.56982421875,153.1815948486328,36.530452728271484
2018-05-31,2705.27001953125,7442.1201171875,6967.72998046875,161.8714599609375,40.632999420166016
2018-06-30,2718.3701171875,7510.2998046875,7040.7998046875,163.72496032714844,42.0347785949707
2018-07-31,2816.2900390625,7671.7900390625,7231.97998046875,168.3033447265625,41.6329345703125
2018-08-31,2901.52001953125,8109.5400390625,7654.5498046875,178.0324249267578,46.44572448730469
2018-09-30,2913.97998046875,8046.35009765625,7627.64990234375,177.53097534179688,44.24025344848633
2018-10-31,2711.739990234375,7305.89990234375,6967.10009765625,162.2709503173828,39.79193115234375
2018-11-30,2760.169921875,7330.5400390625,6949.009765625,161.84092712402344,41.539485931396484
2018-12-31,2506.85009765625,6635.27978515625,6329.97021484375,147.82432556152344,35.87154006958008
2019-01-31,2704.10009765625,7281.740234375,6906.83984375,161.1444549560547,41.52379608154297
2019-02-28,2784.489990234375,7532.52978515625,7097.52978515625,165.964599609375,44.90935516357422
2019-03-31,2834.39990234375,7729.31982421875,7378.77001953125,172.47804260253906,45.07332992553711
2019-04-30,2945.830078125,8095.39013671875,7781.4599609375,181.9630889892578,45.545963287353516
2019-05-31,2752.06005859375,7453.14990234375,7127.9599609375,166.99630737304688,39.286041259765625
2019-06-30,2941.760009765625,8006.240234375,7671.080078125,179.6713409423828,46.27901840209961
2019-07-31,2980.3798828125,8175.419921875,7848.77978515625,183.86630249023438,46.742000579833984
2019-08-31,2926.4599609375,7962.8798828125,7691.0,180.3737335205078,42.7487678527832
2019-09-30,2976.739990234375,7999.33984375,7749.4501953125,182.02935791015625,41.36946105957031
2019-10-31,3037.56005859375,8292.3603515625,8083.830078125,190.00233459472656,42.66196060180664
2019-11-30,3140.97998046875,8665.4697265625,8403.6796875,197.734375,48.64215850830078
2019-12-31,3230.780029296875,8972.599609375,8733.0703125,205.41903686523438,48.45439529418945
2020-01-31,3225.52001953125,9150.9404296875,8991.509765625,211.6605682373047,50.14860534667969
2020-02-29,2954.219970703125,8567.3701171875,8461.830078125,198.83932495117188,51.155452728271484
2020-03-31,2584.590087890625,7700.10009765625,7813.5,184.3522186279297,42.59727096557617
2020-04-30,2912.429931640625,8889.5498046875,9000.509765625,211.95664978027344,53.566070556640625
2020-05-31,3044.31005859375,9489.8701171875,9555.5302734375,225.94772338867188,60.81728744506836
2020-06-30,3100.2900390625,10058.76953125,10156.849609375,240.1522979736328,69.03662872314453
2020-07-31,3271.1201171875,10745.26953125,10905.8798828125,257.79510498046875,77.80780029296875
2020-08-31,3500.31005859375,11775.4599609375,12110.7001953125,286.0102233886719,92.29086303710938
2020-09-30,3363.0,11167.509765625,11418.0595703125,269.48272705078125,89.06702423095703
2020-10-31,3269.9599609375,10911.58984375,11052.9501953125,261.2771911621094,87.8956069946289
2020-11-30,3621.6298828125,12198.740234375,12268.3203125,290.6075439453125,108.78762817382812
2020-12-31,3756.070068359375,12888.2802734375,12888.2802734375,304.8543395996094,122.4494857788086
2021-01-31,3714.239990234375,13070.6904296875,12925.3798828125,305.65118408203125,135.18722534179688
2021-02-28,3811.14990234375,13192.349609375,12909.4404296875,305.2430419921875,128.2232666015625
2021-03-31,3972.889892578125,13246.8701171875,13091.4404296875,310.4833679199219,117.98390197753906
2021-04-30,4181.169921875,13962.6796875,13860.759765625,328.8323669433594,118.79045867919922
2021-05-31,4204.10986328125,13748.740234375,13686.509765625,324.8824157714844,110.2625732421875
2021-06-30,4297.5,14503.9501953125,14554.7998046875,345.2268981933594,128.6363983154297
2021-07-31,4395.259765625,14672.6796875,14959.900390625,355.10369873046875,118.03308868408203
2021-08-31,4522.68017578125,15259.240234375,15582.509765625,370.0843811035156,120.0298080444336
2021-09-30,4307.5400390625,14448.580078125,14689.6201171875,349.0518798828125,108.71830749511719
2021-10-31,4605.3798828125,15498.3896484375,15850.4697265625,376.501220703125,119.29210662841797
2021-11-30,4567.0,15537.6904296875,16135.919921875,384.0195007324219,103.9576416015625
2021-12-31,4766.18017578125,15644.9697265625,16320.080078125,388.4446105957031,93.80765533447266
2022-01-31,4515.5498046875,14239.8798828125,14930.0498046875,354.46728515625,74.8061294555664
2022-02-28,4373.93994140625,13751.400390625,14237.8095703125,338.6014709472656,69.88715362548828
2022-03-31,4530.41015625,14220.51953125,14838.490234375,354.40704345703125,65.7417221069336
2022-04-30,4131.93017578125,12334.6396484375,12854.7998046875,306.2227783203125,46.740196228027344
2022-05-31,4132.14990234375,12081.3896484375,12642.099609375,301.3642272949219,43.725337982177734
2022-06-30,3785.3798828125,11028.740234375,11503.7197265625,274.5190734863281,39.5501594543457
2022-07-31,4130.2900390625,12390.6904296875,12947.9697265625,308.9759216308594,44.756736755371094
2022-08-31,3955.0,11816.2001953125,12272.0302734375,293.1187438964844,41.53361892700195
2022-09-30,3585.6201171875,10575.6201171875,10971.2197265625,262.237060546875,37.417938232421875
2022-10-31,3871.97998046875,10988.150390625,11405.5703125,272.7261962890625,37.9633903503418
2022-11-30,4080.110107421875,11468.0,12030.0595703125,287.8465270996094,37.17000961303711
2022-12-31,3839.5,10466.48046875,10939.759765625,261.9010009765625,30.981618881225586
2023-01-31,4076.60009765625,11584.5498046875,12101.9296875,289.77496337890625,39.59974670410156
2023-02-28,3970.14990234375,11455.5400390625,12042.1201171875,288.732421875,39.29230880737305
2023-03-31,4109.31005859375,12221.91015625,13181.349609375,316.1409606933594,40.00635528564453
2023-04-30,4169.47998046875,12226.580078125,13245.990234375,317.7466125488281,35.62290954589844
2023-05-31,4179.830078125,12935.2900390625,14254.08984375,342.7971496582031,40.155113220214844
2023-06-30,4450.3798828125,13787.919921875,15179.2099609375,364.40655517578125,43.774925231933594
2023-07-31,4588.9599609375,14346.01953125,15757.0,378.4730224609375,50.032737731933594
2023-08-31,4507.66015625,14034.9697265625,15501.0703125,372.8602294921875,43.38814926147461
2023-09-30,4288.0498046875,13219.3203125,14715.240234375,353.91943359375,39.66999816894531
2023-10-31,4193.7998046875,12851.240234375,14409.7802734375,346.6092834472656,35.08000183105469
2023-11-30,4567.7998046875,14226.2197265625,15947.8701171875,384.1083068847656,46.11000061035156
2023-12-31,4769.830078125,15011.349609375,16825.9296875,405.568359375,52.369998931884766
2024-01-31,4845.64990234375,15164.009765625,17137.240234375,412.9464416503906,45.40999984741211
2024-02-29,5096.27001953125,16091.919921875,18043.849609375,434.7638854980469,51.25
2024-03-31,5254.35009765625,16379.4599609375,18254.689453125,440.3070068359375,50.08000183105469
2024-04-30,5035.68994140625,15657.8203125,17440.689453125,421.0489501953125,43.459999084472656
2024-05-31,5277.509765625,16735.01953125,18536.650390625,446.95111083984375,42.45000076293945
2024-06-30,5460.47998046875,17732.599609375,19682.869140625,475.86944580078125,43.95000076293945
2024-07-31,5522.2998046875,17599.400390625,19362.4296875,467.8838195800781,45.529998779296875
2024-08-31,5648.39990234375,17713.619140625,19574.640625,473.0486145019531,44.81999969482422
2024-09-30,5762.47998046875,18189.169921875,20060.689453125,485.4500427246094,47.529998779296875
2024-10-31,5705.4501953125,18095.150390625,19890.419921875,481.2527160644531,45.88999938964844
2024-11-30,6032.3798828125,19218.169921875,20930.369140625,507.00372314453125,57.97999954223633
2024-12-31,5881.6298828125,19310.7890625,21012.169921875,509.3056640625,56.77000045776367
2025-01-31,6040.52978515625,19627.439453125,21478.05078125,520.3240356445312,62.869998931884766
2025-02-28,5954.5,18847.279296875,20884.41015625,506.2572021484375,55.63999938964844
2025-03-31,5611.85009765625,17299.2890625,19278.44921875,467.85162353515625,47.58000183105469
2025-04-30,5569.06005859375,17446.33984375,19571.01953125,474.38665771484375,50.84000015258789
2025-05-31,5911.68994140625,19113.76953125,21340.990234375,517.92724609375,56.369998931884766
2025-06-30,6204.9501953125,20369.73046875,22679.009765625,551.001220703125,70.29000091552734
2025-07-31,6339.39013671875,21122.44921875,23218.119140625,564.3557739257812,75.33000183105469
2025-08-31,6460.259765625,21455.55078125,23415.419921875,569.7395629882812,74.95999908447266
2025-09-30,6688.4599609375,22660.009765625,24679.990234375,600.3699951171875,86.30000305175781
2025-10-31,6840.2001953125,23724.9609375,25858.130859375,629.0700073242188,88.9800033569336
2025-11-30,6734.10986328125,22900.58984375,25008.240234375,608.8599853515625,76.91999816894531
